-- --------------------------------------------------------
-- 主机:                           120.79.203.138
-- 服务器版本:                        5.6.39-log - MySQL Community Server (GPL)
-- 服务器操作系统:                      Win64
-- HeidiSQL 版本:                  10.1.0.5464
-- --------------------------------------------------------

/*!40101 SET @OLD_CHARACTER_SET_CLIENT=@@CHARACTER_SET_CLIENT */;
/*!40101 SET NAMES utf8 */;
/*!50503 SET NAMES utf8mb4 */;
/*!40014 SET @OLD_FOREIGN_KEY_CHECKS=@@FOREIGN_KEY_CHECKS, FOREIGN_KEY_CHECKS=0 */;
/*!40101 SET @OLD_SQL_MODE=@@SQL_MODE, SQL_MODE='NO_AUTO_VALUE_ON_ZERO' */;


-- 导出 student 的数据库结构
CREATE DATABASE IF NOT EXISTS `student` /*!40100 DEFAULT CHARACTER SET utf8 */;
USE `student`;

-- 导出  表 student.course 结构
CREATE TABLE IF NOT EXISTS `course` (
  `kch` char(4) NOT NULL,
  `kcm` char(12) DEFAULT NULL,
  `kxxq` smallint(6) DEFAULT NULL,
  `xf` int(11) DEFAULT NULL,
  `xs` int(11) DEFAULT NULL,
  PRIMARY KEY (`kch`)
) ENGINE=InnoDB DEFAULT CHARSET=utf8;

-- 正在导出表  student.course 的数据：~13 rows (大约)
DELETE FROM `course`;
/*!40000 ALTER TABLE `course` DISABLE KEYS */;
INSERT INTO `course` (`kch`, `kcm`, `kxxq`, `xf`, `xs`) VALUES
	('001', 'C语言程序设计', 1, 4, 60),
	('002', '数据结构', 2, 4, 68),
	('003', '数据库原理', 3, 4, 56),
	('004', 'Java程序设计', 4, 5, 80),
	('005', 'Oracle基础与应用', 5, 3, 56),
	('006', 'J2EE框架技术', 6, 5, 75),
	('007', '政治经济学', 1, 2, 40),
	('008', '计算机基础', 2, 3, 57),
	('009', '会计学', 3, 3, 60),
	('010', '大学英语', 4, 4, 60),
	('011', '金融法', 5, 3, 50),
	('012', '证券交易', 6, 3, 45),
	('013', '会计法', 7, 4, 50);
/*!40000 ALTER TABLE `course` ENABLE KEYS */;

-- 导出  表 student.major 结构
CREATE TABLE IF NOT EXISTS `major` (
  `id` int(11) NOT NULL AUTO_INCREMENT,
  `fdy` char(8) DEFAULT NULL,
  `rs` int(11) DEFAULT NULL,
  `zym` char(12) DEFAULT NULL,
  PRIMARY KEY (`id`)
) ENGINE=InnoDB AUTO_INCREMENT=3 DEFAULT CHARSET=utf8;

-- 正在导出表  student.major 的数据：~2 rows (大约)
DELETE FROM `major`;
/*!40000 ALTER TABLE `major` DISABLE KEYS */;
INSERT INTO `major` (`id`, `fdy`, `rs`, `zym`) VALUES
	(1, '易耀军\r\n', 7, '软件工程'),
	(2, '陈雷\r\n', 7, '金融工程');
/*!40000 ALTER TABLE `major` ENABLE KEYS */;

-- 导出  表 student.score 结构
CREATE TABLE IF NOT EXISTS `score` (
  `xh` char(6) NOT NULL,
  `kch` char(4) NOT NULL,
  `cj` int(11) DEFAULT NULL,
  `xf` int(11) DEFAULT NULL,
  PRIMARY KEY (`xh`,`kch`)
) ENGINE=InnoDB DEFAULT CHARSET=utf8;

-- 正在导出表  student.score 的数据：~13 rows (大约)
DELETE FROM `score`;
/*!40000 ALTER TABLE `score` DISABLE KEYS */;
INSERT INTO `score` (`xh`, `kch`, `cj`, `xf`) VALUES
	('130101', '001', 85, 4),
	('130102', '001', 36, 0),
	('130102', '008', 70, 3),
	('130103', '001', 76, 4),
	('130104', '001', 88, 4),
	('130105', '001', 73, 4),
	('130106', '001', 90, 4),
	('130201', '007', 86, 2),
	('130202', '008', 67, 3),
	('130203', '009', 87, 3),
	('130204', '010', 53, 0),
	('130205', '011', 69, 3),
	('130206', '012', 86, 3);
/*!40000 ALTER TABLE `score` ENABLE KEYS */;

-- 导出  表 student.student 结构
CREATE TABLE IF NOT EXISTS `student` (
  `xh` char(6) NOT NULL,
  `bz` char(200) DEFAULT NULL,
  `cssj` date DEFAULT NULL,
  `xb` bit(1) DEFAULT NULL,
  `xm` char(8) DEFAULT NULL,
  `zp` blob,
  `zxf` int(11) DEFAULT NULL,
  `zy_id` int(11) DEFAULT NULL,
  PRIMARY KEY (`xh`)
) ENGINE=InnoDB DEFAULT CHARSET=utf8;

-- 正在导出表  student.student 的数据：~13 rows (大约)
DELETE FROM `student`;
/*!40000 ALTER TABLE `student` DISABLE KEYS */;
INSERT INTO `student` (`xh`, `bz`, `cssj`, `xb`, `xm`, `zp`, `zxf`, `zy_id`) VALUES
	('130101', 'ok', '1996-01-02', b'1', '朱伟琪', _binary 0xFFD8FFE000104A46494600010100000100010000FFDB004300080606070605080707070909080A0C140D0C0B0B0C1912130F141D1A1F1E1D1A1C1C20242E2720222C231C1C2837292C30313434341F27393D38323C2E333432FFDB0043010909090C0B0C180D0D1832211C213232323232323232323232323232323232323232323232323232323232323232323232323232323232323232323232323232FFC000110800DC009D03012200021101031101FFC4001C0000010501010100000000000000000000000102030506070408FFC4003B100001030204040307030205050100000001000203041105122131064151612271810713143291A1B12342C152D115334362F11624537282E1FFC4001B01000203010101000000000000000000000004010306020507FFC4002C11000202020103020406030000000000000001021103041205213141510613619122234271C1E181B1F0FFDA000C03010002110311003F00659164FB22CB6D67CDA8659164FB22C8B0A1964593EC91C5AC17738347526C8B051B1B645930D4D3FF00E667D512CEC6303810EB9B0B1DD73F323E8CEDE29AF287A2CAAA7C5323F2075DFF00D2C1A0F325791DC45F0E4FBD9294DB7699DA1DF654CB6B1C7CB2F8E8E592EC8D0591659C6F1AE197B499C1EADB10AC29F88F0DA817133983ABDB6088EDE193A5244CFA7ECC15CA0CB3B22C9637324635CC735CD70B820DC14EB262C51C6BC8CB22C9F6459161432C8B27D91645850CB22C9F645916144964593F2A32AE2CB28659164FCA8CA8B0A2370202F2C8D0C7173FC6FDEDFD217AE4218C2E240005C93C973BE20E2D74B23E0A21FA60DB39D8F7EE95D9D98618DC8774B4F26C4AA1F7343886251C0D25B396F70EB0FBAC8D7F11BA494363932B81D5D7DFD02CECD513D4485D2C8E71EEA26B9F6CA5BA03BD9781976E73936BB235B8347163828B56FDCB176253171FD5241DFA9F55149297B4657B88E84AF3E406D76EBD5385C36C3C3EBAA59C9B1B51480B5FBEC91A5EDB90F23C8A3DD071B9713EA9FEE8E800B83EAA093DD8763D89618E3F0D50E0C3A963B569F45BEC078A60C532C33E58AA0EC01D1CB98116246A0F74ADCEC70731D670D74D0A6F5F732617D9DAF611DBE9F87653B54FDCEE364B6586E19E327B9CCA2C4CE6E4C9F9F93BAF9ADDB6CE01C0820EC42D0E0D98678F28991DAD3C9AD3E335FD8DB22C9F951955F62B432C8B27E5465458512E5465526546555D96F123CA8CAA4CA932945871325C63887B9A5146D932078CD21BFEDE8B99484BDA6422D98DC0E83AAD0F1755BAAB1CAA8C1B80FF0076DEC06EA8E670885F9B6C2CB33B997E6666FD8DB74EC0B0EBC63EFDFEE799E1CC93201A1DFB252D7680ABBA1C16A2ADA2770B17741756F0F0C3A43E20E02D7D6C919648A3D28E194BB98F3622C6E95B1B79B4FD56BA7E1E11BBC509B0DC84EFFA603C1CBE170D87542CB125E0664F28E42DE690DCEA47D4AD14DC373B1B998C2476D554D4505453939D872F50BB534FC15BC725E8788DEC458B873077099940B11A0E854C5BC87A2473406DEDA2E8E28630E57870BDC1B821755E11C4C6218588DCEBC91686FCC2E58DD3CBAAD7F025508F1834E4FF0098C240EFCD3BA195C3325E8FB1E6F54C0B2EBB7EABB9D172A32A932A32AD1598FE247951954995195161C4972A32A972A32AE2CB789165406ECA5CA932A2C389C4B18696E3558FD49123C03DCB8AAF7C599F63FB9E15DF10C022E20AE076F7EEB0FBAAE81A67AE82368B973C596572F69337783BC23FB23A4E0B4423A288E5DDBA69B2BA8F0F6B4667024F71CD186C39590B2DA0002B7F779C0D39AF34F59762B9D86B5F1660C16E77D540EC39B60F6802DA1E965A42D0C636E3C36B79AF2C910D728DD4D0150EA06B4DCB006BB4D391505460914D1B9AE6020ABF7B47BBCB61621235AD2CEFCD4326BB1C838A7877FC39C2AA1690C26CF1DD66E2CAF7163B98D176BC770D65761D3C445CB9BA79AE5953823A1A5F78010E6BCB4E8AFC793B5315C98BF15A28DB663DCD3B0573C2CF2CE2BA06B4DAEFB7D41548EB895E1D7BF55EFE1ECE789281CCF9BDFB6C53989D4E2FEA8433C6F1C97D1FFA3B6E5EC8CAA468B8DAC972AD4D986E245951954B95195161C4932A32A9B2A32AAF9177121CA8CAA6CA8CAA3907139171CD398388E67652D6CAD6BC1EBA58FE179F83287E3B1CCE5B76422FEAB67C7783BEBF0C35513417D36BDC8E63F955DECCA93336BEA2C2C1C1AD2B31B728B9CF8FB9B6D184E38B1F35E88D1D6E23FE1AD6471C0F9A6209000D079955B1F164B4CEFF00B8A798BAFB06903EEB50E6C71174928007755D518EE154D4ACAAA80F34CF7FBB6C8612439DDB4EC948D78A3D0927E6E8F7E15C4B87624CCB1B9D9C7CCC70D42B83131E0386DBDBAACDD10C1F11632BA8E3CA1D70D9034B6F6D0820EAAFA107DD021E48086D1DC6FD45A8743136CE706DF62E2B3B57C4987D34A62F886E61BD82B3C4E9A3AA396491D6E81656B63E14C22569AC8652F78CE088DCFB8BDAFA774251644A5244B2715D317969CC587F706A8BDC53D6D33CC567324D75EAAD2083069488618DAC7398240C7B0B4B9A7622FB84ADC323A66B8C2DCAD26F60B9924BC131BF5390E2D49F078A4908D79AB3E0AC3CD5F12D393FE89327D068A3E2BBB7882516D6CDFC2D9FB3EC18D1412554EC736A261E10E1FB392F474D29648A6791D41B8619B4BFE66CF2A32A96C972AD1F231BC4872A32A9B2A32A9E41C4972A32A9B2A32AAACBB890E54650A5CA82D458712BE7803EF1385DAE24D8F3D0ACDF05C0DA29712A71A015074F4B8FCAD5D536CD6BF90B83E4552D3531A3AF2F75BF577737675B62B35BB0F979A49787DCDAF4ECAF36AC1BF2BB7DBFAA2E1D0196ED22E0EEBC959C37475D48FA69D9785CE0E2C06C330E7E7DD5CC0E6E404D93DED63CA51761FAB28A970A661F1B238CC9EEA205B1B0BAE05FB2F640E3030871D4ECA7AB91B0B46C0775E12F7C8735AFD14364A40F69350E6926CF696E9DD56D6F0A53E2A69FE29CF70A705B110756B4EEDBEF6ECACA1983E40C758381D15A86816B923C9116D038A7E4A57E101B2C73BDCE9248DB9584FED6F4006802748F04588D15DB832D6BAA7C48358D247443252A3055585438971ED2B2669313E22E701CCB760B6D4ADB54471B6C4C62C6DD165E17B19C446A9CF024634471B6FA9256C70B873365A823C5248EB7926F4E0F2668AF6EE23D432470EACDBF5EDF73D7951954B952E55A6B30FC4872A32A9B2A32A2C3892E54655365465555977121CA8CBD94D95195161C4F3BE30F61691B8B2AAC4E373444EC8410EB5F92BC2D5E4C4222FA27F56D9DF4496E6BACB0E5EA8F4BA76DCB064E1E9268F2D3CA72B6FCD7B5AFBFA2F1C4DB069E45124C63BD8EAB3E6B531B5CC6492B4C84E56B49B0DC9E899435B0C94B9A6A59A9DDA8C92801C2DCF4242865739EC39C0CA7A84EA6A88D9188EED363AEAA40F3FBD8AA0CD27B9969E489DE073DA007F76D8EAAFA27FBC8DAFB6E2E42A4194CE5CC0D249E6AC2099CDBB48B765049E890D8792A6C55FF00A7DCECADA4782DD55356B1D3CA196F138E5011E7B221BA56CAAA4C39F984F1B324B2917932DEE2F6F45B38A06C3136260F0B458274349143146C6B1BE06800D94F957BFA7ABF22DB76D994EA3BCB6B8C62A9221CA8CAA6CA8CA9EB3CBE243951954D95195161C4972A32A9B2F6465ECABB2FE243951954D97B232F645871202C4D7C61CD2D3B1162BD3912644591C4CF46D746D742FD1D1BB29F44928F0DF9F75ECC598219A29C681FE177A6C5790D9CDEA166F631FCBC8E26C75737CEC4A653D5C35524C5EE9BF4ADA372EC54268E62065AF6B4731EEC7F2AE4B72822CA3344C70CFA9F555A90DA95150DA5A9710D6CCE91DCDE5A07E15DD144F8A30D92474847EE76E9D0B1AD16B297258DC9DD437672DDB2471D3B594387C22AB13749FB6000FA9D947555391961AB8ECA6E17F14B5C49B9BB3F94C69A52CD14C4F7E4E3AF268BAC88CAA62DD5197B2D0D992E243951954D97B232F64587121CA8CAA6CBD9197B22C8E24B951954D951955565F443951954D95195161443951954D9554E3FC438770DD01AAAF96C4FF950B6D9E53D1A3F9D82872495B2541B748F3E3B6BD334EC4B8FD82A332BE9DDB12CFC2F16078D55F12D3D462B56435AEA93143037E5898D68D075249373CECADDF1073765E1EDCB9656CD268C386151646DAA8E46FCC3BEA9E2AA36B6D986EBCEEA28DE7C4DB771A206151017CCE3EA97B4374C93E2630E2ECC0051BEADD2786304F740A2630F85AA765369D10D9291E3C872924927AAB4E15B7BFAE6F3F01FCAF3C91D9A45954E218C4FC29F058A31A64826A9304F0ED9D992E083C9C08D3CCF557EA3E395316DE8F3C0E2743CA90B75506138B50E3987B2B70F9C4D0BB43C9CC3FD2E1C8AF696AF754ACCC38576643951954D951954D91443951954D95195161C4972A32A972D8126D61B9594C7BDA0F0FE059E3353F1752DD3DCD359D63D0BB60AA734BC97A83978469B2AF06278C6198345EF312AE8299BC848FB38F93772B8D639ED531DC4CB99445B87539D0361D6423BBCFF00165879EA65A87BA69A57C923B77BDC4B8FA954CB63D8623AAFF51D5F1FF6BD1B0BE1C0A903C8D3E22A469E6183F93E8B96E278AD6E2F5D256E2150F9EA1FBBDC761D00E43B05E3E5B948EB0FEC9794E52F2330C718784753F65B50CA9C2ABE85DBC738940ECE16BFD5AB6CF81F13B2BC791E47C9722F67788BA838AA0638DA3AA6985C3BEEDFB8FBAEEED8993C367B6E3F0AB9E3535F518C791C1944C6026DA299B1372EA14F5344E81D999AB5460122C92941C5D33D08C9495A217B03469BA1ADD93CB39953C14EF95C001A7550A2DBA40E4A2AD903299F50FC8C03CCEC1637DAB4CCA6C3F0AA166E6574B6E766B6D7FAB974F8A16431E568F33D5707F68D8AFF0089F1754318E062A4029DBAF31ABBEE7EC9E863508FD4432E5737F42AB00E23C4386F12159412E5CDA491385D9237A387F3B85D7702F6A383629922AF6BB0E9CE9779CD11FF00EB97A8F55C32C4EFF84A0B87356C324A3E05678A33F27D551BA39A26CB13DAF8DC2ED7B08208EC427E55F36E09C558C70FC99B0FAD7B184DDD0BBC51BBCDA745D3F01F6B587D586458CD39A394FF00AD15DF19F31F337EE988E74FC8A4F5A4BC773A1E54654DA4AAA6AFA66D451D445510BB69227070FA853E556D94F13E64C4F89F17C50015988D4CFDA490D87A6CA99CE277DD1F33B52906AE5E7D9EAD501D0D8A0FCD6E88041249F329058B4383B7D500349EC96D7D82521DDD194F3DD003E9A69296A629E225B246E0F61EE0DC2FA4F02AF6625855355C7F2CD1B641DAE17CCE37B7D176DF6535DF15C326071F152CAE8EDFED3E21F92BA881BD7341163B155B3471C5388848D1238660C27523FB28F88F1F8787B097D5C803E671C9045FD6FF00EC373FFEAE4CFE2AC5E5A896A0D6B84B25F339AD00F90E83B2A734F1AED23D5E9FD3B676539E1AAFA9D663619652C001237EDE8ADA18446DB0DCEE5709A7C7EBA9B116574752E154D23F539B8747751D8AECDC398F53E3F868A986CD91A72CD15FE477F20EE0FF0064609E37DA3E43A874EDAD64A5969AF75E0F757D4C741433D4C9A3228DD21F202FFC2F97A799F5551254486EF95EE91C4F571B9FCAFA03DA455FC270462043ACE95AD85BE6E701F8BAF9F4ED65748F282DB6A11603993E48DB73F6486DDCAE407348BD9381B68A226DD027EA45D0058E178D62183D47BFC3EB26A697998DD60EF31B1F55BCA3F6C78AC54CD65561F475328DE5CCE8EFE6069F45CD0F2294F50174A4D783994232F28879128E44F64BFB477291C7C3E6572741FB0FD144E063BB9BB730A4BF2F541376903D4F44008082039A41094E850000CB01B206A2DF44008EDEE1744F64D8888717ADA373ACD9E1120EC5A75FB3BECB9D9D4595CF09577C071351484D9923CC2FF278CBF9214AF206BB8FE6ACA8C6E0A995C7E05F198E9811A36C75BF73A1FF00859766970BADE3F83371AE179A9DACBCED6FBD84F4781A7D751EAB8FC72173AC012F0351D3CD25B50A95FB9B8F87F6E33C0B17AC49B2079B735A6E07A8AEA2C59F88C01C6899FA552DE4F66E48EE343FF2B3946C7D4D4C74F1822495E236DC69726CBB261B84536154715240CF006EA48D5DD49F353A98EE4E4FD0ABE23DBE18A3863FABCFEC8CB7B5DC4D8EC2F0EA28DE1CD9A43392362D0DD3EEE5C91BABAEB49C6D5665C5E2A40E2594B116345F605C481E82CB357B0B7329C7E4C60EF9BA6E8716B7503EA806CD039945BC37FA28018D05E7C476D40520E69AD201053C68EB724006E0FD901E46C81A148458908011DA102FB04D772F24F7D8BC91B263FE623B200638E47349176DB54EF95D648E1727E8936BB4EA5BA798400FD5A7A8484653A7A206ADB74FC25E56E68011DB5C7348D739AE12334734DC1E846A1281C8F34D072BAC803E8CC0EADB5B83D3D534F8648DB20F5175C56A266D4623512C6C0D6BE77B800391715B6E1BC73E0FD96D4CF9ED2D287D3B3FF627C3F670FA2C0D30B871BF92A36E5D92351F0DE37CE53FF1FC9EEC3EA9D87D6C556CF9A27878EF6375DB2AAA18E8193C4416BE2CCD23A1D970C7EB61FD9747762FEEB8129AACBBC50D1B81BF56DDA3EE02E74E54DA2FF89B0A708655E8EBEFDFF8394633502AB1AAD9EF76BA67069EC341F85E11AEA52124D81D4FE52EDA744C990240D2F69702343A84D26EED3C8203B279F34A4DCE6B5B4D39A0069E9C8253A1CA774DBDB5B79273410DBFD50029B8DB9A53AEB6DD1AE51D938380162802317240411777994ADD5C11FB82006685FBF34D70B9B8DEE9E374D6EEDF34008D2342138E8411B1D946DF9DC39293F67AA000EBAA6BB5D5381D08EC9A3E6B200B4A3C465183546160911BEA1951A1E8D2DFECBD3000D6855547A543ADFD0AE6168370523B2FF11BAF87229EBA6BCDB1C05F7B2F66235E62E0AF84CDAC953900FF006FCC7F0178D87C1F555F8A3DC4451DCE404B80EF651ACFF30EFE208A7A4DFB34566C3B9D939A2DAA4DC94AED34EC9F30428D7F94B62E283F2040F90F7B04000F1388E43409CDB6A3B2637422DD53DBB8F3400A39A43E4947CE134F2F2401FFD9, 4, 1),
	('130102', 'ok', '1996-01-03', b'1', '何俭豪', _binary 0xFFD8FFE000104A46494600010100000100010000FFDB004300080606070605080707070909080A0C140D0C0B0B0C1912130F141D1A1F1E1D1A1C1C20242E2720222C231C1C2837292C30313434341F27393D38323C2E333432FFDB0043010909090C0B0C180D0D1832211C213232323232323232323232323232323232323232323232323232323232323232323232323232323232323232323232323232FFC000110800DC009103012200021101031101FFC4001C0001000105010100000000000000000000000102040506070308FFC4004110000103030203050407040905000000000100020304051106211231410713225161327181911415234252A1B162C1D1F017253343637282A2B234559293E1FFC400190101000301010000000000000000000000000102030405FFC400221101010002020202030101000000000000000102110321123104221341513261FFDA000C03010002110311003F00EFC888808888088880888808AC2BEF76BB5102BEBE9E9C9E4247804FC15B45AAEC131023BC51927FC501066115114D14EC0F864648D2320B1C0855A022220222202222022220222202222028739AC6973880D1B927A289246451BA491C1AC6825CE270005F3E769BDAB3EE5512DAAC75045130E1F3336EF3DDE8A64DA2DD3A95F7B4FD35631231F56279DBB77716FBFBD717D57DAE5EAF550E65BEA65A0A6E4044EC13EF2B9CBA473C973DC4B8EE492A8E22E38CECAF30914DDABEA8ABA9AB90CD533CB3487EF49264A88E438C07F3E855A07F99763D5547247137AF50A53A666DF79B95AE664B45593C120DC18A523F25D6B43F6CC418E83523896E385B5607887F9875F7AE1CD7BB1BEEBD1D9CE48F710A2CDA5F68D05C292E94ADAAA2A88E785DC9EC390AE57C97A435C5D348DC639A9E42FA624096071F0BDBFB8AFA8EC779A5BFDA20B8D1BB314ADCE3AB4F50552CD26564511142444440444404444044441C5FB70D7068E99BA6282573279407D5B9BB6187937E3D570124F4C656D9DA65CE3BC768776A889CE31B65EE9BC473EC0E1DBD320AC2D35AA79E3E36309C2D3CA633B526372BD31D8760296B4FB8ACAB6CD55247C51C2E3B648C7E8AD64A3999BB9847C157CE55EF1E53F4F0F8ECA58DE17733F255888E7006FE4ABEEF2DC9C81D3D0A9DABA50416907620AF500BD9C206C797A2A9807DEF25570F0E48D88E63D136696E46067A671EE2BB8760D7D91CDAFB24A72D6813C593CBA10B8AB9A1CF763A8E2C7EAB74ECAEBBEADD776E264E064EE313B3D72318516F43EA1444555844440444404444050791F72950471020F5D907C5956C33EA0AAEA4D4BFFE4575DD3F64A765B7D81C526E765CCA5A434BAA2B20735C1CCAA7B70EE7ED15DA2D4DEEA962691821A161F2AFA74FC59D57A50D8699A41E0031CB0ABB9E91A0AA19EE5A09E7B6C564E03CB1957E1DC4C017362EAAE5D77D070B2132411125BCDADE647A7AAD12BACB514B50F660B9807135C0731FC7D17D13244D91A410B0175D3F0D6336600F69CB4E3F9F35A63C9962A65C78E4E0EEA5903B0E0438286B7719F2FE42E9959A4BED1ED6C78CF063D37C15A3DE6D335BAB846F61038BE042DB1E697A619F059DC62D8DEEFC2E3BB1DC23D5A564F4978B59D8DA4E09AE8C13FEA0ACE7A7918C2F70C70EC723C8ACAF6754F255F689648D9197F055778E03A00324AD71BB73E78DC7DBEB24445281111011110111101117856CCEA7A1A8999ED3237387BC044C9BBA7CF1ADAC8FB776B2F6BD87BAAE9D93C67CC1E7F985B84F3FD1220F0D2EC7468C9584D6C2A679686B262E96A5DC5DDB86490E033B79755A543A9750577D1D905CA3E2918E7C83BB03B9C3B1B9DF39183F158E7879C99EDD1C797E3CAE163A552EA296379EFA965E1CEC387F9DD67A92FB45544B01731C3A3C617226DDB50B619E46DE9F2450E0CAE65235CD6E4E06E71D4ABAB5DC2FB5AC3514D5F4D3107189E97809E47983EA16771926DB4CAEF4EC80873789A7210B9B83C4406F9AE5DFD21D7596634976B58EF030398EA793670F3DFE3F25E8DD6D76BF36416DB544C8187066A8988DCFA00ABE37DFE9699CBD7EDD0AA6BAD90338A5A98811E656AB7AFAB2E2584B43DA1D9E26F45A557D75DA9A70DAAAEB6C72730D6C0F763E3F02A3E9D7F8DE7B8FAAE57B79B44658EF76E970961E5DB66AFB053D5504E59821CD2E69FCD63FB14B69975FCD541B9652D33CE71B02703F8AC3D3EB1BAD442229E38226C931A73C070F6BB8727C3E5FBD74AECBA5A4B253B608E9F6AF970251B9C8D864F9656DC785E396E55CDCB9CE5CA638CF5DBAC2222D9CE2222022220222202A268C4D04919E4F696FCD568838CDC209DDA92883F68694C9E1FDA2DC03FAAC54763A78B5ED67142D10DC287BC6003038DAE1C7F1E47E2BA16AAB50A6AC6D7003BB7BF981C89E616266A086BE38C39CF8E689DC514D11C3E338C120FBBA1D97265BC7EAF47733D651676FD3F4F0504907D1D8F8E505AF691B381E842B8A7B05252523218206C30444B9AC60C0C9E67D4AAD96FBFD3B4362BA53CAC076EFA94717C4B5C3F456F5D15ECB4324B9C5103CC53D380EC7BDC4E1537A9DAD376ED86B7DB28EFBAA6E73D440C929A8D8CA461239BC65CE03DD9015162B7C3497BBCDA381AC0CA86D44400C781CD0323E2085B35A2861B650360A7670B0649C9C9713B924F524AC75750F79728AB6295D055460B1B2B4039693BB5C0F30AB964B4C4ADD236EAE7D29AA80BCD37B041C710CE70EC731927E6BCABF4E4153726D4B81121D9C46D959AFEBA0C18FA14BFB45AE69FC8956D351DF6A9D87D552D233F143097BF1E85C700FAE14DB6F5B57D76D3B4DD828E4B95E2EF2C0C7E6AE48A98B86435ADD9CE1EB9DB3E8B71ECFE1EFA2B445DD91F4769C823CB3BA8FA0C36FB7368E99A5B1C6CE1682724FA93E64EEB6FD1F6716FA0EF5CDF13C61A4F3C753F157C779E4A65671E16B654445D8F3C444404444044440444416D5F4515C28E4A698785E39F91E8573C88BA19DD1939E1716FC8AE98B9DDCA1EE2F354CC7F7848F8EEB0E79D6DD1C197762EDB2F8362B155C6A620F9608DB2498F087938CFAF5C2F732163739C00AC0DE685AEFB4AA8C9CE301D92B9BDBB71FF8F6A5AAAE653B45453B4C8EDFEC725BF9EEAD9B5754FAA9209E8785A7D9787E7E631B7CD5CB6F3484021E463D3394FAC6925700C93127E176C545D34D653DC64E92473620D7F40AA9EA30D3BAB164E5C060A897247351E5AE9955DDAEDCFBCD686F16218887487F72DF9AD6B181AD18681803C96074953F756B7CA46F2C84FC06CB3EBB7871931DB879B3B965A11116AC4444404444044440444405ABEABB79E16DC63FB803651E9D0ADA16BFA9EE14EDB75550E43E631B4BDA3EEB5CEC027E47E4AB9CDE357C2D994D352648D91B856935B627CBDE06373D7C2375442E303C071F0F43FB964E37B5C06EBCF7A58DD7A63FB8A60780D2330799E00BC5F64A299C09859CF380DC61664B58E5E6E01BC92DAD7F2655E4C8E1A66F044C0D6F905E94F1495D531D3423323CE3DC3A9563555219B0DDE79342C8E9090457E8DF50EC3A469633C813D1578E6F292B0E4BAC6D8E854B4EDA5A58A067B2C686AF5445EA7A79822220222202222022282400493803994128B5ABD6BFD2F60CB6BAEF077A3FBA88F78FF905CBF5076F73481D1582DA221B8EFEAB73F068FDEA64B51B74DD6FAD68746599D533164958F18A7A6CEEF7799F21EAB46ECFA7ABD5768BCDDAE3271D55755F84F20C0C68E103D064AE2378BCDC2FD7092BEE552FA8A87F373BA0F203A05D83B12B8324B2D7DBC9FB48271301FB2F007EADFCD698E33D525EF6CEBE073098E46E1C0E082BC38258CF81F8F2056E374B67D299DFC2D1DE81B8FC43F8AD74C3BAF33978AE1969E8619CCE6D8B75456B4E1AC6E7CF2AAE2AA78F1B80F72BE34E7C8A914FB8F258D95AAD63A603C6773E655F5AE9A596E31B98D2238C92F7F96D803DFBABFA1B43EA807BB2C83CFABBDDFC55DDF2B69B4F69EABAC21AC8E9A273C01D4F41F1385D1C1F1EEE655872F2C92E311A075853EA6B63E9A495BF595139D0D4464EEEE124078F438F9ADC17C73A7F535C34DEA08EEF4727DB35C4C8D3CA404F89A7D0AFA0F4DF6C5A6AFA5B0D54AEB6549C0E0A83E127D1DCBE6BB6CD386574345E70544353189209A3958793A370703F10BD14244444044441C5B5076F7031A62D3F6E74AE23FB7AAF0807D1A39AE5F7BD7DA9F50970AEBACC22231DCC27BB663DC16B78556365ACC64514E3A9E654808DC1CF9F92AB1B291461741EC82E06935B474F9C32AE17C447A81C43FE2B412166748D77D59AB2D3564E045551971F42707F22546FB4BEB08C7842C4DE2D3DE7154D390D93EFB49C077FF53516A2A4D336C7D5D48323B3C3142CF6A47797A0F32B8BD56BC9B53365A7BF3EA285ED91DDD4F46E77045BEC1F19F69BEBCD32C2727D6AD33BC7F68E92049C5C0012ECE3871BE7CB0B376FB317625AC1EE8FF8FF0005C929B586AAD2EFA7A9AA9D974B5BBC314EDC398E1E5C40641F43BAEB9A5F55DB755DBBE934326246604D038F8E33EBE63D5658FC498777B6B7E4F9CD465DF86B70063C82E33DB3EA3CFD1AC103FCAA2A707FF069FCCFC9764A89190C2F965706C6C697389E806E57C9FA8AEAFBDDFEBAE4F24FD226739A0F46F268F9616B7D33614F352063755E374037C2AAB590B6DEAE968938EDD70A9A63FE14840F92E8164EDB7515BC865CA386E3179B8703C7C4735CC5BE13C27E0AAC29D443E99B076BDA62F5C11CD3BADF5047B15230DCFA3B92DEA19E2A889B2C32B248DC321CC7020FC42F8B165ECBAA6F5A76712DB2E1341E6CE2CB0FBDA765171FE1B7D808BE62FE98759FFDC22FFD0D451E353B6823752A073525688525B9391B1F355B492DDC0F7F9A35BC5CF97EAAA2A2D1046E8D258EE26ECE1B8F7A9EAA3EF284C7D2F49490EA5A5A2B854FDAB5F4F1C8D0796ED07F55CDB5EC10D8EF6C15B4426B6566CD7C7E192078F6803D4118383EAB79ECB2BBE95A3A81AE39745C701FF4B8E3F2216B9DA9564976BAD3698B7BE9DD24AF1254716098F033927EE8037279ADB8ED9DC4726B5DB53A41596AAFA6A7B79175B4DD1C20743D24CF470FBAF037CFA2E87A57419D37768AAE86AE63C0D26424FF00684F43E98E9F15A769D96D760D54D928EE124D6FA3A3E2ACAA99BE1964271E01D300EC79E01F35DCE89D0C94ED921735EC73410F69C8208D882A7931EE2BC56775A8769B7F6D0684AB11BB82A2A9C294373B8E2DDDFED057CE2772BA676C7761517BA6B6B1DE1A76195F8FC4EE5FED1F9AE66B0CBDB43190A0F871955042307887C540A08738838C00BD3AA2853109214294C26D0A51558453B34F20A1DB82814A6C54D717341EBC954BCDBE177A15E8A130549E6AA54B90AEABD975FC5BAC9708F81D2CB1D435D0C2DE6F73DA4003DE58B5495959597AA9B6D2CCDABBA5C242EB854C6EF034672636BBF083ED3BAE00580B7BAB9F55152D03DED92A1C18435DC391BF33D06E77F25B250C46090D96C80D4D44A786A27886F33BF033C983CFAF35D1C38FD7759725B6E9EB534FDEDDE2D3F6894D612FF148061AF95C3071FB2037F55D7740DCE8FEA2ACA08260F82D2E14DDF676706B012EF7678BE4B955D261A418FB750CACA8BFD4C7DCCF3C7B8A56BB9C6C3D5E7912AEFE971E88D2575B43A622EB71A68F8A307FB204F091FE6E124956CFB9BFE238EF7B6977FBA3AF37EADB8BCFFD44AE7B7D1BC9A3E402C68E68777290B91B8AA0A950E7708CF33D104727E07BFDCAACAA5A303D4F352511A329942A927641571391519F54410A54290A509E6DC152D7646FCF915194E4ECF43B144AB5490A55289571B259248D90E7BC73C35BBE3249C632BA33AB29B47DBDD6AB348D9EEF51E0ABAF8C67833FDDC5FA67F91CD5DEC3B7C6DD1741A3A9A2D356FA5A963A2AABDCB0B5CD3ED474808FCDFF00A7EBBF077B63C93763CC52334B3D95F5C1B25E646F153D3BB714E0FDF7FED790FE469F75A89AA6E324F505E5EE00F13F9BB3BE7E2B778ADB150523B546A92F9237E5F4B46F3F6956FE85DE4CE5EFF773D16E15D35CABE6AC9F1DECCEE37068C01E83D07253CD97D750E3EF25B8521426573364E5500F19E2E839287788F00E5F78FEE55721841565412A3285032A87142550E3B20945E7C6DFC4883DD3AA8CA9EAA51A548771BA852894349E479853D547DF0A7AA02DE74BD3DA6CB6482F9762CACA97971A2B783907071C727A67A7A2D1565F4B431D55EA969A71C70C950C63DB923209E4B4E1FF005A67C937190D4D5774BEB1F75AF9498DCF0D6B9DB071CFB0C1E43F9DD6B2B6BED0E7906AB96883B8696963632089A006B063A00B522A79F533D7F0E3FF003B54A1CEC0C0F68A90A86EE5C4F9E162D15340030A50F25080A09C042A8720825793CE70DF32AB540DE56A80EE822F6453A46DFFD9, 3, 1),
	('130103', 'ok', '1996-01-04', b'0', '陈淑芬', _binary 0xFFD8FFE000104A46494600010100000100010000FFDB004300080606070605080707070909080A0C140D0C0B0B0C1912130F141D1A1F1E1D1A1C1C20242E2720222C231C1C2837292C30313434341F27393D38323C2E333432FFDB0043010909090C0B0C180D0D1832211C213232323232323232323232323232323232323232323232323232323232323232323232323232323232323232323232323232FFC000110800DC009D03012200021101031101FFC4001C0000010501010100000000000000000000000203040506070108FFC4003A1000020103020404030702060203000000010200030411122105314151132261710632810714234291A1B1C1F0153352D1E1F12472256282FFC4001B01000105010100000000000000000000000001020304050706FFC4002D110002020201030303040105000000000000010203041121051231064151133261142271C1A115234281B1FFDA000C03010002110311003F00C5C2109E64EE210842001084200108A28C064833CD2D9C60E7DA1A637BD7C9E423C96F519D4152A1BBEDB494FC2DC90293AB1233827F83D64B0A2C9A6E2B7A2A5DD4716992859349BFC95F0922B5B8A153C2CB54AB8F91077E437E7F48A4B32FB170AF9C69618927E8EFD6FB4ABFEBDD3BB9C7EAAD91611F7B3AC8C469CE3B1E71920838320945C7868D3AEE858B707B47908423490210840021084002108400210840023B4A8B55ABA397527D24EB1A345111EBD1D418E3531C01115AEEBD0BE6080684DCF976EBB7A4D3C5E9CEC4A737A4790EAFEA8AF1652A285B9AF7F64C975E8DBD2A1E0F8E68A019CAE0337AEA3C874DA56A5E3DBBFE23AD4A47000D4095F5F593457B5BCA7F8AA4A8CE518E304FE5CFF7B4AAB8A36E2A1A9873BEEAD500C0F4DB79B7F4A11FB51CF67999164BBE736DFF0024DB8BA00D45661B2F9086C81B1DFF008E72AD78955B76B74CF9E903AC7B9E5F411AA95725B3804EC076911BE752DCC8E7DFB18E4F5E0824DC9EDB2EAEB8825C35135916A6C4293D3D8F48DD47577734EA6A03728DCFDF3EF29F51F08A9E7AB23D0C4F8AEAFA81DC620E63745ED0E24EAC17230DBAEAEFD8C934AE6D6F10788453A8D9001E59EC0CA077CD00C3A1E7DBFBC4455ABA98AB6C1C67207232BDB4C2C5CA2FE2751C8C59275C9970EA51883D22642B7BD75216B0270307D4771EB26EC541072A46411D44C2CAC574BDAF0CE9BD13ADC3A8D6D3E26BCAFEC21084A86F04210800421003271000932C6D45772CE714D79C8983903ACB7A348D2A0E003855C996F0A8FAB6A4FC187D7FA87E8F11B8BFDCF8446E25534DBB220F2A82460F28C56D35B269D450C40203361B56371BFF00BC51735D2A951BA64023D797F7EB21B15A8006A6CA40E9C8CF4DC25C1C8E5294DB94BC8BAD42E15D5AA3E92081BD51BFEF20D473834CED83B76C7A4F0B0D4748047A8E7155E985381904679C6B620DB1FC1D43CC14E0EDBFAFF31A7A6452C2B064049523AFB76F5124A53FFC504F2D4723D0ED9FD7121254F0DF979739233CBBC681E279B3DCFF0031B63E627A193EEAD45165AB4983D37C1CF6EDFED21D7501C32FCADB81DA2314F549F088F588A9BA0EEBB7B88EAEF6ECDD40FE232C7285874C1800E5270CA4364E0499677A00142A91A47CAD8E52BE8ED534FA647B45EBF0ABAD55FCA77123B60AC838B2D6165598B7C6EADE9A2EC8C184F5B19F2F23B89E4F3125A6D1DA69B3EA5719FCA08421109427AB9D431CE79174B02AA93CB3011F81DB440D7481B903BCBBA642D6AA8C32BA79F5C132B384AA3DF697F9483BF6968C3C2BC456F94D3DC77C19B7D2E3A83673BF58DADDF5C3D922969D336CF5581CA38D38E84771E92332AB0620619B3B7D3248972B62C0D6A0DBE9B8D29BF7905690645217E5FC3F5CEE4CD43C6E8A80855837620C76AFE2D4A8FB6976CFB663C29315A8BD8023DB31EA144350A808DC005876EFFC4042155A4D4FCA0EC7623D73B482E835540460AB647B7696D748C7F140055C953A7903FDE247B9A1A6F46765738CFB88820C17651E0B6EB8C6DDBFEA4471900755244934F7A41580CA1C13E83FEE46A830C6231C2E915FBBD45C7986E3D8C630307B471C697DB7047EC636C08631041B538507AA1FDA3B571AC37E571831B51F88474611C1E64F0CFF00A48FA8E510117549F5D1A6DD74807DF94591891ED1F55BA1F4921B9CF3372D58D1DABA6CFBF12B92F84790842445E080E7080D8C00B0E0CC1789D2C8C827712FFEEC4DA856F9A816427B03B8FDFF00999FE0EE138AD02DC8B626D9EDC235753F2D44D40F7DFF00EA6DF4B7FB1A39DFAC6BFF007E12D7B14F7085478CA3777CE4F70411FD647BDB416BC42AD30B8467D608E5B8C8FE65F3500C9E0B0D5E65718E9CFF00E47D27B79C22AD4AECBA7242A904F69A8DA3C6A8BD196366AB70C0EE42F9723E65E9FBE7F4909293F8F551011918C7F7F49A3A9C16ECD7037F2E339ED9E5237F8456A6CD9043D36DBD443683B5998A8AF4D2A0C794EF81D083175F151DF39380187B625CDDF0CA99660840C60E2423C3EAAA2B1071E19E51BB13B5944415A8C4F3639DBF791EA290CE00DB39F697152CCE01D39D3B8DA315387BD401D508E911B0D15632C14745DA25D4E3D44B26B0AB472C50E931BFBA976D237881A2AFF3298A5FF347BC5D5A4D4AA3230F94C42FCD980859F0F3F84CBD8C987A7B487C39494ACDD1481263721ED3CEE62D5D23AEFA7E5DDD3AA7F83C84212B1B610842002E9B1470C39A90674DB17FBF70CA3513049C013978389B8F836F9AA5956B30097A6CAEB89A1D3ADEDB7B5FB9E5BD5588EDC3FA8BCC7FF0D5F00E1678855667042D0CA063EA723FBF49AA5E11495C395DC2E0FA889F86AD7EEF60FA974B3392732E5D03020CD993E4E6EB8465B8C5E707E1ECBF78AB4FC6270B4C1CBB13D028C927E9311C4BE2BE14BC4BEEEF63794EA31D86819EDCB33A67F8158D3E24BC4A9D044BC5040AC06E01E732FC43E08E11538E3F1614585D3BF88C15B085FBE9EF1BC7B8EE7D887C3295AF1174F0F0CAC749046083D411D0CB9B8F856D69D02546C01F2E3693784F0AA76F53C40BE666D4C4F532DAED7140C68ACE4771C1A9DBB943B853B7B44BB70AE176EAF74AD519B74A34C6588EE73B01EA65F712A64D77F79068D85B56AAF52A21D6F4CD2639E6A4608F689BDF90D6BC1997F8AF867126A9429703AE74025B4D456381CCE042C6E3835E645040B53AAB0C19796BF0A58F0C6AB52C59A9B545D249F310BD81E9134B815AD2ABAD69E5FF00D58DE3B71F61BA97B981F886C5A85FD4603C8DB89468B869D4B8FF000C4B8E1EE74F99149071301696CA2F3CEB95A60B11EDFF0030958A10727EC498D8AF22F8D31FF9324595134386B2D4DAAD5ABAF1E989EC74D5CA918193CCC6A79DB6C764DC99D83031238944688F8410842465C084210009D0FECCA8D27AD78E5033ED80673C9AEFB3EE2C9C378F2AD56C52ABB193E2C946D4D995D6AA9DB836461E74774B75C531E5D27B474C668574ACC4A1C8C64479B9CF427246B4F4C6EA72902A26A6DE4F6DC48B5702358A872D90051137A7F0984F2D98156666014778CDD5F5B3DBBBD3A88E1762558189EC1AE4C5DFAFE3BFBCAE57D153692AFB885B9BA34F52824ED93CE573BE2E4807CBB441DEE5B2306588650098CD2A981BC5B540622146EEA90AB6EEBDD4CE7B7F6E96B52AB22E9D688B8EA08E73A38DE8543D74CC1FC4CD4D6FDE9236B2A705B18CC83365DB4FF26DFA6A9FA99F17AF1C94646279027309867510842100084210008AA6DA581C907A11D2261011AD9D4FECEFE2B7373FE1B79535676424CEA8D3E5CA15EADB565AD45CA54439041C4FA4F827114E2DC06CAFE990456A2AC7D0F51FAE66C60DCE71707EC73AF54F4E8E3DB1BEB5C4BCFF0024C6318A885C623ED1B660A3265F6794434682353D0C01523047712AB8B5AD0A76A052A694D47E545C0325DFF18B2E1D47C4B8AAABD866666AFC514388ABF84F49E983C81C807DFBC6B25845B2BF8DF0DB64B80AB4540D8838DE434A08B21DFF00C4DE25D1F1DA983C80CE368ED2BDA559728C33DA20AD69935805E5104C407C89E8DCC10C646E35C5070AE145C6F5AAB05A63DB7339ED6ACF7159EAD46CBB1C932EFE2CBCF1F8925BA9F2DBAE0FFEC773FD2504C7CCB9CECD7B23A6FA73A7C71B123635FBA7CBFE821084A67A108421000842100084210009D3BECB3E275A2CFC06EEA85473AED4B7FABF32E7D798FACE63148ED4DD5D18AB2905581C107B892D36BAA6A48A1D4B0219D8F2A67FF4FE19F4FB3462B82E9A41C66527C23C66AF1AF86AD6EEBB6AAE174556EEC36CCBCCE794F40A4A51524723BA99516CAA9F94F45553E0BC3A9F88F56D2954A8FF0033541A89FD656DFD0B0B51F876B4A9E7A22800FE9341594E9DA555CDB6BDDA20464D190BFF00BBD4F32DAD3DFA9412BE95B22546A8B4C293CC8134D796EA060CA5AE02B1021B0949B1AD78CC6EE6F56CECEADCB0C845C81DCF4887700FAC89C551AE383D7451960357E91B3DA836BC92E1421664C2167DADAD98DAD55EBD67AB50E5DC9663EA622109E75F9E4EC9149249780842101C1084200108420010842001084BBF873843711BC159C30B6A272CC3A9E82495572B26A11F2CAD97935E3532BAC7A48EA1F6696B52DBE177153396ACC707A6C369AB6050EA1CA507C0D57C4B0E214C0F253B91A7EAA33FC4D46907633D0C6BFA7150F839065E53CABE5735AEE7B2154AEA06E654DEDE28D8309637B6DA949048331FC4E956466D27688C891E710BC0460194756E39C6EAD4AA58826202E60231232CC498ED4602D2E7572145CFE80CF5531B9955F10DDFDDB855655386A8340FAF38B17C8D7C2282E0537A6B5936D401224688A5700D0084F2DBE91499C609CE3F89067F4F525F56A5CFBA3D77A73D47DAD6265BE3C27FD33D84F48C1C19E4C13A0A7B084210142109E852CC15412C7900324C046D23C84BBB0F85789DEE966A62DE99FCD5763FA739743E1DE1BC3D355466B9AA0E3CFB2E7D84B74E0DD6F85A5F93133BD418387C4A7B7F0B932565655EFEE92DEDD0B54738181CBD4CE9352DE9707E109694B034A609C63531E662C3DB5827876B469D3E41B42E327AC83C6EEB584EE57337F0F0162C5CE4F6CF01D73AFCBA9B8D708F6C17F97F935FF67A3FF8ABC3D0DC7F0A26ADB9CC87D9E5407835C2F515C93F5026BDA324F932178235C6749331FC68B6481365537599CE296FACC63258987AA875927BC5D2A64F493AE2D8063DF33DA5470331A0C8B5174213317F1039B8B9A74FA069B4BF3A5081329716FAAE2A3BF34A4EE3DF181FCC92A5B9223B3846509D2C71B4578C400AC0641C8F5118672B5733DA986A5807797D32A129AF1B09537E5A18139DC75886E22A59555546FE66249007B4855AA136D508C8D255C7D7632253639D4655BA9AA6D3945334F1BAAE6E3C5C6AB5A4CBF5B9A6FD0807975FD63C08232083F599F5AC54E4131F5BA38E8652B3A7533E63C1B789EAECDA576DA94FFC33A770FF00809F67E2572AA33FE5D2EBF597D6F61C2F848CDB5BA07031A8EE7F58DDCF12246019535EF4B1E72E55894D5F6A32737ADE6E5F164F4BE1708B6BBE29F86429C4A8A15BEF171ADB74A4751F53D07EB2BEE6ECF86778EDABB5BDAA061863F88DEE7909720B6F464499635ABEBAA4039C6DCF320F11AC6A57D20E42A63F789157F133B48D5753DC552AA485D19206C39C9AEE2B190E646E3ECFEE8537B9B727E6C38FE26FF5833927C3972D6BC429B83807CA6750B7ABE2D307D265CBC9750FB1DA555E26732CDF6DE44AC9AA46C7A3315ED8B39C8EB1A6A7A10CD0B599639D32B2FAD98540BDFA08DD0E286ADA9ACC7699FE336E2CECAFABBED8A4117DCB0FF69D22DF8685A3961B9EF31DF6816853E1EAA292E59AAAE40E7800C9A9FBD115BF6338F3BE5C9105720F38DB82AE410411CC1189E6ACCB5B6551C2035271FEA461F51B890E9B6698F592E9925719FCC3F70448144EDA7B191CC7C47BF8864C310C460E3AB55AF9EB20D4AC73CE25EA646F22D4A9BCB0443D8F1EAA2107403A9F1D849352B6ADC723B9FE82465229A10739D8BFF41122A852598E77966A8E8649EC945C91D493DB9C5D95037B717AB4C9F1134685CFCC40DC7BEF235276ACFA29E59F3801064E4FB47384D734AF2B354F233D4230460EDB67F6864731D056F52D973C3A93788B9047F49D178556614941CEC25270CE1F478AB2B87F0ABE012E0643FB8EFEB3516F66F6D4F1529E31F986E0CCA94649F25F8CA2D121EAAB26C778DD3F39906A17FBCEC7693E82E008C1DAD0FF008602E656D4B70F5FC471B03B4B6552DEB10D66EEF9242AC34D89BD15F53511A5013E8272BFB5EBE3C3870DB36A34AA55A81EABD3A809017600EC763913B553A14E8FCA37EA4F39C3FEDCB84DD2F1CB1E2C14B5A56A02DF207C8EA49C1F7073F4326AE2D3D91592DAD1CCBFC4A9552455A6533EBA947EBB8FD678D4BCBAD1C15C73E63F5E9F595F5134B1ED12956A516D54DD90E3A1E724EFF922D7C13D432E758C105483D39F79054E9AADFF00B19269DD2D61E7C537CE4E3E56FA7432290756AEE731B27B048939DA28728D83B45A9DBFE620E3A0543B089B3A3F78BD4438D201639200DBD4C2AEE4FB488FCBDC6F2CAF2425857ADC3E9A017777459B24934DDDB7FA2E0FEB219E33C29095A542B56A832C0F861463FF00D13FC4ABE25F2A7BC834FF00CCAC7B5BBFF11CEC9361DAB45D55F8A58AAD1B5E1C0255C68152A938276D82E049341FEEB42CE9D5A7A456A66A95C63492C4103D883286E80A62CD9362A291047D25DDF126D6D9C92585D5DA03FF00D454C81FA9311B7EE1A5AD9BFF0085F89350AF4486D699D27BCEA76F596A53041E9383703A8EA410C463047BCED7C318B5AA1277D224738A687C5962D4A93E35229C771014E9AEE107E901C84243DA4BB62F500361125A7912DCA0908D816F594BF12DBDBDFF0001BEB7BBA2B5A878458A30EA3704763EB2D8F232AF8F6DF0FF0011239F80DFC4922B91AFC1F365CFC3556AD3E2696FBD7B0AA75D13CDA99DD594F5DBA4CAB9D87B4EB147CBF1571275D98DAD2391DF1309F19DBD1B7F88EA8A34D503A2D460A303511B9C748FBA092DA195CB6F450A1C347C1DA461CC47D790958918E6768A0F811BE9F5866281FFD9, 4, 1),
	('130104', 'ok', '1996-01-05', b'0', '刘雅兰', _binary 0xFFD8FFE000104A46494600010100000100010000FFDB004300080606070605080707070909080A0C140D0C0B0B0C1912130F141D1A1F1E1D1A1C1C20242E2720222C231C1C2837292C30313434341F27393D38323C2E333432FFDB0043010909090C0B0C180D0D1832211C213232323232323232323232323232323232323232323232323232323232323232323232323232323232323232323232323232FFC000110800DC00AA03012200021101031101FFC4001F0000010501010101010100000000000000000102030405060708090A0BFFC400B5100002010303020403050504040000017D01020300041105122131410613516107227114328191A1082342B1C11552D1F02433627282090A161718191A25262728292A3435363738393A434445464748494A535455565758595A636465666768696A737475767778797A838485868788898A92939495969798999AA2A3A4A5A6A7A8A9AAB2B3B4B5B6B7B8B9BAC2C3C4C5C6C7C8C9CAD2D3D4D5D6D7D8D9DAE1E2E3E4E5E6E7E8E9EAF1F2F3F4F5F6F7F8F9FAFFC4001F0100030101010101010101010000000000000102030405060708090A0BFFC400B51100020102040403040705040400010277000102031104052131061241510761711322328108144291A1B1C109233352F0156272D10A162434E125F11718191A262728292A35363738393A434445464748494A535455565758595A636465666768696A737475767778797A82838485868788898A92939495969798999AA2A3A4A5A6A7A8A9AAB2B3B4B5B6B7B8B9BAC2C3C4C5C6C7C8C9CAD2D3D4D5D6D7D8D9DAE2E3E4E5E6E7E8E9EAF2F3F4F5F6F7F8F9FAFFDA000C03010002110311003F00F2FA514FC0A4E2800145145001451462A900514628C5300A28C52E280128A5C5250014518A5C54D804A2968345804A28A31458028A314628B005145145805A434B450312968A314000EB4EA50B4BB69A0136834854629D8A722191D51792C703DE981181CF0335218641D508FAD751A2D9D859CF25B5E6D79D94166FEE719C0FCC55951A7CD248480CDB7001E78CD0348E40DACC22F3046EC99C6E0BC66A10339E3A1AEE609ED8DD7D9368F947000EF9AA575A3437C14C5947D9CB01EF8FEB40EC7298146055FB9D1AF2D621232978F24165EC41C552C11D4502B0DDA2908C74A92908A02C478A315260537140586628A791498A02C328A5A2810BB4D1B6A4C518A9019B69C1714EC52E2801314714B8A8E6956085A47FBAA334D011DDDCC56916F90E73D13B9A669178042F7F70732194471293C28EA481FA573B7374F7975BDC9DBD147A0A9A49D995225184420AFD7D68B81A936B32FDB6EA52C558960067F0FE948BAC4EB3C837F0C802FE60D664B199E56603AE326A54B3949E067028B969336E3D5DD6E6498390401DFDAB4F4CD65D12D2369B25A38C13E996E735CF45A54D332ED2369C29CFD2A3B9B69AD1C20FE103A7B1A5CC3B33D334AD421BAB3BDB7701CFDA0AA023A819638FCEB99D62DFEC974C6380B46795643D57DC560E8BAACFA6DF798E5BCB763BBDB35B7797D0DDE97198E422589B1BB3CED238A57158A31CA92AEE43DF0477069F5951CFE4DE86DC0AC9C3E3D7D6B547347305838A4C53B1462A9310D229314EC518A60464734629F8A3140AC3B14628A51522129714BD4E69D8A00662B1F5F976C11C60F2C72456DE2B99D7583EA24740AA050066A72E3D6B7B4ED344E54119CFAD62DB44D2CA15066BD2FC1DA04F752ABBAE10739CD67527CA8DA94399EA2E8FE0669CAC876ED23D6BA787C17046BB550648EA6BB9D36C63B78546DE40C568AC49FDD15CAEA4BA1DBECA2B63CEA2F05EDCE0739072074344BE05590317DA339E715E90224C6028A6344A7823342A9213A499E0BACF8566B59888E32C01C0017AD645D69171A5445E50479A307FA57D057965132993CA05877AF2EF19DB191A40460735AC66D98CE95B63CB246C679EF5BF61279F668E7AF435CEDC298A56527BD6CE82DBADE45FEEB56A8C64696DA3029FC51B6AD199191495215A4C552019453F68A368A6018A36D280734E0B524880714EC52814EC500308AE4759CFF69C95D8EDAE57C436CD15EF99D5241C1A2E047A22093528971904D7D05E14B68A3B34207502BC4BC19A44BA85F8914108A402D5EE56571069B6A8843BB28C6C8D726B96B4AEEC76E1E3A5D9D4263353AFD2B02DBC4DA6B32ACBE6DB93FF003D50815BB0DC413A878654753DD4E6B0B1D2483E94D23BD3C73D2872889B9DD547FB4C0502640EB9520F435C178C74EFDC3CC3A60D75D79AFE976876BDD23B1FE18CEE3FA5676A62DB58D36416EE1811D3B8FC2A93627A9F35DF37EFDC1EC6B4FC3A0EDB83DB8AA7E20B37B1D5A685D48E78E2BA1D1AC2787448AECDBC82190E04BB4ED27EB5D517A238677B92E3DA971526282BC559991628DB4FDB8A422A808F1498A7E29315402814E0280B4F02A491A169E05382F34F099A008F1526B1622E3C253CA225668BF781C0E579C1FE94BB0E2BA1D1E08AF746D46D6738574C0FC7FC8ACE66D4526C8BE1D58AA682920519762735DFADD5A69B019AE258E2403E67738AE63C116E2DB4B5B7FEE123F5AE8F53D02D758B5F2A78C301C8CF201AE47ABB9DD0565633A5F1A7852F6636D25F45963B4164214FE38AD8B1B186D9964B693F7479001E0D721A9F81AEEF3528E585ADD20DAA92A88C1CED18CAF1C64576DA5E9D2D9DAC88CAAB186CC6818B6D5C74CD164257BEA6C17291071CD733A8589D45FF007D2B6C07279E2BA2C7FA25636A9A6CD776D1C31E0C4CD89D43952CBE80D08A33AC350F0B69971E48D42C44DD082C09FCEB7736731F3A1F2CEE18DC87AD79B59FC3BBCB5BF91E682D1E0D8D1AE17D78C9F7FEB5DF7877C329A55B04123941CE0B669D888DFA9E57F15344482E6CEE6243B9DB6923BD6DCCF25B78420D348C5B430A95523AB9239AE87C69A7C77A6CE320712E413EC335CFF88C95D32D541F95C9EDE838AD136DA489E54936CE4B03346DA795E69C578AE838484AD37153114C65AA19011CD14F239A315421C0714F55A705A785A92440B522AD2AAD48A9400C2BC56BE85F7A58CB101B078F6ACED9562DD9A0915D3A83F9D4C936B42E9CB965A9D0E880DAEA9716E1894DFBD7DC1AEFAD06F8C715E7F65A82DD6A509116C2A9B4E3BF39AEF6C66558C03C1EB5C2D34ECCF4E2D495D178260FA5473C811718CE6926BC48F68CE4B7403BD5196769240471CF2281B3408FF4207A536D58302B9152CB84B1C12338AC68E7961B95C1054F4A6237767B714C964F2E3278A8E2BC4913AE0FA552BDB8041A63461EA086EF5AB50E0B43082E40EE4E315CAF8BA7F3B5636E3056118E3A64F35D05F6B4DA7DD3F971867741827B75AE42E4BDC4EF348DB9DCE49F7ADE947A9CD889AB72A32CC6690AF1574C5C544F1FB56C71954AD318559295195A632B15A4C54C568DA2A84382D488B4E55A9153DAA4910254AB1D3D533DAA6443E9400C58BDAA411FB54C89ED52AA0CF7A6806D931B7BC8E4C743CFD2BBA8A5768079640623827A571622C82315BFA45DE1120909CAFDD35CB5E2F73B30D3E85E7B88B4ADB3EA172159DB0AEDC28F6F6AB86386F543249EF956EB52CF6F0DEDA3433C69246EBCAB0C8AC1B5B58B4A98593C598369F2887219493EB9AE74769AF2C37AD1F93F68FDDFAF7A89225B41F33B13DCB1A735A591538BEBC5C2E48DF9E7EB589716C6FE616D0090A91B647690B1F723D2A8563461BB5BB95DAD670EAADB58A9E33535CC84264B55886D20D3EC92DE18D5154630A31593A95D2EC6893EF77A22AEC52765A9837F27DA6EDDF1C741F41549A21579A3A8CA7B577455958F2A6EEEE5268862ABBC6476AD22A3D2A164A761233592A175C568BAE0F4A8244CF6A6865122936D4EE98ED4CC7B5302754E6A644E94AA9CD4E89D2A4915231E956238C63A52A25598E3E2801B1C39A9D60F6A9123E054EA9CD3404021C1E95284641BD7861CD5858777B52DC47E55AB48C700FCA33DCD4CFE12E1F1235B4DBD1222C721C3115A3369E9751E1D430AC0B68B75BA9070C3A1AD6B2D49A31E5CFD7D7D6BCE4F53D55B213FE11F8BFB848F4DD56A3B04B68FE48C201E9568DDC5B72645C7D6B2F50D54489E543F9D55C08750B8C7CABC9AC836FBB96EA6AD2ABC8DF31ABF6B611DC308DA6F2D9B8424719F7ABA334A4635D371301EC813D6A06B43C8C0C7D6B7AEF4F96D27686552187EB554DBF3CE6BB51E75CC56B4C0A89ED47AD6C3C4076AAAF17B5502325EDB19AAAF09E6B5E44AA92467AE2819952467BD45E555F912A0D87D2802445AB31A1CD0B1E6ADC51F4E2A491638F9AB31C74A91F356638A801A91E2A655E466A42890C4D248C1117A9638ADFD334946856E25560AE014561838F5C534052B1B0794091D711FD3AD45E28D3645D32CE689494867579BFDDE47F5AEB70028551C0E82A792D125B268A553865C11DB1532D558BA7A48E36CD088C0EB571AD5645E9CD52D3774524D6927FADB790A73DC03C1FCAB6A2515E634D33D55B2334D87150FD8803C0ADEDA31DAA268979E282919896FB4557D73747A05E4908C4F1A89223E8C08C56B08F0D505CA19A6B5B540099665E3D81C9AA86E454F84EAA6D3C6ADA3DBC8CA3CEF2D594E3B91D2B94B9D3DE0728EA548EC457A142B88941EC2A2BBB28AF23DAEB923A1F4AF463B1E3BDD9E6CF69C1E2AA496C40F6AEBEEB4B7B463BD7E527861D2B2A6B3F98F18AB1A39892DFD2AAC901C5743359B0248AA3343D88A0673D3438EB506C15AB730F6C555FB39A062245CFAD5D862CE2A24006492001D49ED589AB78D74FD311A3B561777038F93EE83EE7FC2A493A96D91297760A8064B31C015833F8D6C12E05AE9D04FA8DDB1DA91C0BC31FAFF00F5AB811E295D4756493C43F69B8D3B277DB5AC9E5FD315E95E1FF88DF0CFC3B09934ED1EEED6E48C167843B9FF008166803A0F0D784B55BCD462D6BC4FE522C7F35AE988C59636ECCFEADFE35DC382EE4F3C1C74AF20D5BF680836BA695A248C4F492E65C0FF00BE40FEB5E79ACFC4CF156B8AD1CDA93DBC2DFF002CADBF763F123935407D376D7DA73DF8B2FB65B3DEB671009417C0E49C0AD8278C310457C95F0E7C470786FC7167A95FB31B73BA391CF25430C6EAFA9EC755B2D5AC92F74FBB82E6DDFA3C4F9E7D0FA1A43B9CDF882D974ED7A3BB53F25C008DECC3BFE22AD4443004720D6DDED8C5A85A3C1300C1BA30EC6B9DB6125A4CF6B31CBC6700FA8F5AE1AF4DA7CC7A142AA92B32F05A0A1C66A45ED4FE08AE7B1D0536149A342D71E223211F2C119E7DC9FF00EB55B4B67B9944298DC79C9ED5AD04161E1FB29EE6E6E23863037CD34AC140F7CF615BD285D9CD5EAA8AE534DE51142CEC0908A490064F159DA2789349F105BF9DA6DF45381C32AB7CC87D08EA2B82F1C7C62D0746D2668B45BC8B51D42452B1F90DB92327F898D7CDD67AC6A3A6EA2352B3BB9A0BA0C5BCD8DB0726BB923CF67DC32C693C651C654F15C7EB3776BA35E2C7A86E8619788AE18623CFF749EC6BC97C3DFB41EA7671AC3ADE9D1DEA818F3A16F2DFF10720FE95E9361F11FC0FE39B26D32E2ED226B95D86DEE86C273E84F19A045D786378C4A8C1E36E8CA720FD0D655DDA63E602B81D55B5DF861AE1B78256B8D2A5E606939475F4F622BA8D13E20E8DAD0586E0FD86E9B8D929F958FB37F8D345212E21E48AA7E45745776E841646054F423BD669846698CF12D5FC4FA86AA3CB9251143FF3CE3E01FAFAD621618A8CB669A0E41A933B831CD34F4A53D293B53431A4D2629E050453191D5AB5D4EFEC9645B5BC9A15906D608E464541B47A51B45007B3780FE34DD24B6FA4F88A2FB444C4469789F7D7B0DC3F8BF9D7ACEAB1C52AC1A9424346571B97B8ED5F20C6ED14AAEA7E65208FAD7D4BE01D51758F0CC1237CF1C918DC99E87A1FE559CE3CCAC694E7CAEE6CC4C19063D295DC22649C54662FB2DC3425B2B8CA1F514A911BBBA11F48939727B0AE3F66EF63D1E7F76E68D9DC5BE99A64DAAEA32A5BC0ABB99DCE02AD7CF1F13BE26DC78C2EDF4FD3DDA2D1637CA8C60CE47F137B7A0AEA7E37788247821D2E27648377280E3763D6BC4C2E5ABB210491E6549733B88AB9EB5208C11834E0314A2B424AD24250E472BEB4D589CF4ABBD460D205C74A00DD4F16EB971E1E5D0AF2E44F608E1E312AEE7423D1BA8155164AA6B4F0D8A0773A6D27C5BAA692A238272F0E79864E54FF00857463E241DA376971671CFCC6BCDC4A07AD3BCF1405CC9CD381EB4DCD02A4CC534D34EA69A68A0539A53D6A3C5381F5A603A8A28A002BDA3E07EB194BCD258F319F3939FE13C11F98AF17C574FE00D64E87E32D3EE8B622693CA97FDC6E3FAE690CFAA351B36B9B4DD1712A0254FF004AAB696B20B65C9C16F9DCE7927D3E82B5ED1C491F1CAF6ACCF126A31E89A25F6A1210120899FEA71FE353CBADCA55256B1F35FC4DD48EA1E30B88D5C3ADB1F2F23A67A9FF000FC2B901C54D3CEF757335C4A72F2B9763EE4E6A3E2A88014A294629780698050A466A2965E4A2727D69D1290066819601A09A6E690B5000CD8151EFA1CF151668022A514940A9205CD14514D0C4C629314E3494C614B41E940A007014E4628E181C11DE9A296819F567C2ED69B5EF09DBDCCB26668D7CB9307B8AE5FE3BEB46D343B7D2E27DAD76E0B007AA8FF22B2BE035DCC23D56DF77EED5A2603D09073FCAB07E3B5C492F8E20898FC915AAED1E99273401E62A38A762983A53C50214034C2739029B331C05CE0134F0A1400050022C600A994D34528E940C526984F341A8D8D30073C5479A1A92901FFFD9, 4, 1),
	('130105', 'ok', '1996-01-06', b'1', '陈嘉君', _binary 0xFFD8FFE000104A46494600010100000100010000FFDB004300080606070605080707070909080A0C140D0C0B0B0C1912130F141D1A1F1E1D1A1C1C20242E2720222C231C1C2837292C30313434341F27393D38323C2E333432FFDB0043010909090C0B0C180D0D1832211C213232323232323232323232323232323232323232323232323232323232323232323232323232323232323232323232323232FFC000110800DC009103012200021101031101FFC4001F0000010501010101010100000000000000000102030405060708090A0BFFC400B5100002010303020403050504040000017D01020300041105122131410613516107227114328191A1082342B1C11552D1F02433627282090A161718191A25262728292A3435363738393A434445464748494A535455565758595A636465666768696A737475767778797A838485868788898A92939495969798999AA2A3A4A5A6A7A8A9AAB2B3B4B5B6B7B8B9BAC2C3C4C5C6C7C8C9CAD2D3D4D5D6D7D8D9DAE1E2E3E4E5E6E7E8E9EAF1F2F3F4F5F6F7F8F9FAFFC4001F0100030101010101010101010000000000000102030405060708090A0BFFC400B51100020102040403040705040400010277000102031104052131061241510761711322328108144291A1B1C109233352F0156272D10A162434E125F11718191A262728292A35363738393A434445464748494A535455565758595A636465666768696A737475767778797A82838485868788898A92939495969798999AA2A3A4A5A6A7A8A9AAB2B3B4B5B6B7B8B9BAC2C3C4C5C6C7C8C9CAD2D3D4D5D6D7D8D9DAE2E3E4E5E6E7E8E9EAF2F3F4F5F6F7F8F9FAFFDA000C03010002110311003F00F7EA28A2800A28A2800A28A2800A28A2800A2B3EFF005CD2F4B205F5FDBC04F40EE01AAF178AF4098809ABDA127D6402803628A8E29E19D03432A48A464146041A92800A28A2800A28A2800A28A2800A28A2800A28A2800A28A2800A4675452CC42A8E493DA92491218DA49182A28CB31380057CF9F133E2ABEA3732E95A25C1166870F3271E67FF005A9A5713763D4B5DF89DE1BD10488D76279D78F2E3E79FAD78C78AFE2DEB3AD5C32585CC9636DD008DB04FE35E70F23B92CEE493C924D3371638CF157C891176CBF717B7577279D713CB3487F89E4C9A6C729E81C8F6AAA1FD4B607AD38E48DCBDFB8A63366C35AD4F4B9925B3BC9E171D0C72115EB3E08F8CB831D8788D895C616E80E7FE05EBF5AF0E576EE73521CE791F422935719F68586A367AA5AADCD95C24F0B746439AB55F25F843C71A9F84F51496094BDB9204B0B1F9587F8D7D47A1EB36BAFE9106A368D98A55CE3BA9F4A86AC34CD1A28A290C28A28A0028A28A0028A28A0028A28A00F17F8DFE383676EBE1AB0959679406BA65E309D97F1AF0124F6EB5D67C4CD49357F885AACF13314597CA5CFF00B231C7E20D62DB6953CF1EE442703AD69CCA2B52145C9E86761B029557F035AABA35D3C7BA3858F192315564B299396422A54D32DD36883F1A722ED3D4FD29C2139E073E94FF002FE5E72076F634EE89B0C20A9C8C107D2A500BA6D0383D3DA9C8A3F8BD29DB76F23823A8F6A2E162B11819ED9FCABDC7E03EBB23ADF68B29CAA8F3A3C9E9D88AF15640CED8EE335DA7C2CBEFECDF1CE9E4BEC599BCA6CFBD26F403EA1A28A2A4A0A28A2800A28A2800A28A2800A6BFFAB6FA1A7535C6E461EA31401F175EA19FC4577DF372FF00FA11AF5BF0FE8902E9A3E41993AF15E6935A1B5F14DE40CAC192E9C61BAFDEAF67D257CBB58548C7CA2B0C4C9E874E1568C96CB41B6523E403078C53B52F08D8DD0C885413D78E0D69C07A63357C36E400D7344EA68F2ED5FC070A4264823395EA17A91ED5C25F68B716B70C9B4B201B95B1D47F8D7D132449229045606ABE1F86F13840181C838FF3EB5A46A4A244A9C64783B5AC80F2086148AB82335E9979E123E63858FAECC7B73835C3EB3A4CBA7DF08D9081BFF022B68D64F4309D06B5465A2F97F2B1E51B03DD4D6A78472DE33D1013826F6307FEFA154A6B79110BB0236F5C8F7AD5F8756F25DFC42D1A348CBECB8F3180EC0724FE95AC5DCE79C5C773EB2A28A298828A28A0028A28A0028A28A0028A2ABDF4AD0584F2A7DE48D987D71431A57763E7AF1B688DA77C567575FDD5ECCB321F507AFEB5D7CD3FD9220E14B63B28CD6278D85CCF2D95E4C5A4B96DDB186490C0678F4E86B8A87C49E20BE36E90EA11EE742CE3CB03CAC311CF5F63F8D633873A52B9D14E5ECE4E0D1E9569E21951CF9B6B2EDCF036D6F5A6B965744A02C8C3B30C57912EABE20586691757678A2C798CB6A8C064E07271DEAD695A86B77A9F68B6BE826C1FF96D6DB33C03D57EA3F3ACDC5257365277B1EC81832E5482282CA01DC405F5AF2EFF0085877DA34C6D355D33F781032B40FC30F5E7B75FCAA45F1AEABAF2B8D374C8D2143832CF29EBF402A795AD5EC529AD8F41B9BED3615DD2DC4408F7AE5B59FECCD44A12A1D436770AE2EFEF756B69C2DCDEE9F1C8790AB13B63AF7C7B1FCA9A6F75D8D8F9234E95D7AA842ADFA8143826839B53A6BED02DEE6C272B82197729C73DCD67FC15D34CBE3D9AEB6E52DADD8EEEC09C0FF1AC7B7F186AB71108678A1895E5301DA70CA7193C57A57C2F96D345B75812DF8BE970241927238E4FA66B6A7074D372673559AAB2518AD8F58A28A2B639C28A28A0028A28A0028A28A002A39E3135BC919E8CA4549450078CEA16F3B7892CC3FF00AAB667E3DCAE33FCFF003AC98F43B78BC77779894457D66644E38DEAC0301EFD0FE35E87E2AD2BECD76B7A00D8EFD40E84F515932D8437F1A6E678E58CEE8A58CE190E31C673DBD6B91FBBEE9E8DD4ED2453D3FC3F6F058C907D9D1A39410E08FBC3DEAC5BE816B6B68B0C30AC50C64B0551DCF53EF4F8EC35F8142C5A95BCA83FE7B5BFCDF8ED603F4AAF7D16B4CA125D4A28C1E08B783048FAB13517B2B3296ACC6D3F4CB4D7BC51A8CF7102496D66896AA48E0B0CB30FC0914CD0B4F86D35AD5F49D8A812759E300755651D3F115D3693630E9B62B0DBA6D519273C924F524F7359D7D63E66A31DE4523437280A2C80672A7F858771532914A017BE11D3AFA4B66B9837B5BFDD39E5867383EBC93F9D457DE1C82E3515B920873C311C66B687F6C8418FB24BEFB597FA9AAD3596B774D87BAB7B54FEF451167C7B12703F234DB6FA8B6D4E3BC39E1FB49351D5F5596157CDD491DB9619000382C3EA7BFB5763E0087CE8B4A8F663C8539E3D3BFE749F618B4FD396D2DD4848D76AE4E493EA7DC9AEBFC1FA38D3EC3CD65F99C6149EB8F5AB8DE723395A9C19D2D14515D879E1451450014514500145145001451450056BFB28AFECE4B7947CAC3AFA1F5AF3C8CB4370D1939DAC57F2AF4CAF3CD4A1F2358BA423F8C91F8F358565A5CE8A12D6C5A594ECE2B2AF8DC441E58235924C7CA1CF19F7A9CC851724F02A81D66C95BE7B942738C03935CDB9DB1F226B5B9BE4B702E205321E7F759C7EB5596EEEA4B99219ECB6A9FBAE1B39FA8C71F9D595D66D48C86231EDD68FED1B4958059007FEEB75A4EC69692DD1A769232C415FB0A74F71853CD5149F70E0D24A4B0EB4B9ADA19B2DE97A7BEB17A177621888690FF4AEF511510228C281802B0BC256FE5698F291CCAE4FE02B7EBB68C6D1B9C15A6E52B0514515A98851451400514514005145140051451400572FE2BD3CED5D423FE01B641EDD8D7515CFF89B508174FB9B2043CC514BA8FE104E013F91FCAA66AF165C1B5256392491645C5549F4D89E5F3362E7BF039A644C6070ADF77B1AD38DD580E6BCF3D28B6B633C5BDB29286D5307BED150BE8B672B826141CE701715B2550D46C02F2286D9AFB49112470DB2EC8D02AFA0A92DE292FAE63B7879773F90F5AA375721381CB9E8A2B47C23208B5D47B86C348A5547606A69ABC9266151B516D1E836B6EB6B6B1C09F75140A9A8A2BD447981451450014514500145145001451484850492001D49A005A2B9AD67C7FE18D0770BDD5A0F307FCB288EF6FC85797F883E3D4D2068B41D3C463A79F73C9FC145349B15CF4DF1BF8D6CBC1BA3B5C4ACB25DB8C416F9E5CFA9F6AE1FE1FDC5D78AF49D6355D464DD737B7585F4508A3681EC326BC4358D6750D7B5092FF52B969EE1FAB3761E8076AF60F825A8249A35F69E4FEF219C4A07FB2C00FE6BFAD6918AD9827ADCDE7819498E452181C106ABEC9632763E3D8D763AA699F694F3A103CD0391FDE1FE35CE9879F43E95E6D5A4E12B1E8539A9AB996D71780E1557EB9A706B971F3B01F4ABC6DCE7A1A05BF20560D3352B476C07CE7AFA9ABBA6DB4B26A09222911C59667F4E381F5E6B42C7487BAC3BE521F5EEDF4FF1AB5AEDEDBF87FC3D777842AC76F11603D4F61F89C57450C3BBF3331AB5925642F80BC616FE24D39ED9E51FDA364C629D09E5B070187B1AEBEBE3AD03C4D7FE1CF1026AD6727EF4313229E9203D41FAD7D05E1BF8C5E1BD736C57529D3AE4E3E59CFCA4FB374FCEBB5AB1C099E87454505CC1751892DE68E543D191830FD2A5A430A28A2800A28A2803C5FC45F1E6DE3DF0F87EC4CCDD04F71C2FE0BD6BCBB5BF1F789BC40585EEA9308C8C79511D898FA0AE6C0A5C77AD545224439CE4E4934A050B839F5A701C5310DC57A07C20D40DAF8D23B7CFCB750BC447B81B87FE83FAD702456CF846F7FB3BC59A5DD13811DCA6E3FEC9383FA134AFA8D1F58C6381591ABE9424CDCC042BFF00129380DFFD7A4F10F88AD7C35A5B5DDC02EFD23897ABB7A7B0F7AF18BAF1DCDE25125BEB8F7164CAE7CA9AD4B6D8FD0347FC43DFAD1282A9EEB294DD3F791E94164DDB0025B38DB8E735B5A7E8C5B12DD8FA47FE35E496DE2FF147861E0B8B999353D2CFCB1CCB86461E9B80C83EC79AF5CF0BF8AF4DF15E9FF68B293122712C2C7E68CFF51EF59470AA1ABD4D9E279D591AEF855C01C7615E33F19FC479FB3E8303FA4D7183FF007CAFF33F957B25CC890C124D2B054452CC4F603AD7C9FE23D55F5AD7EF751724F9F296507B2FF08FC062B57B1933148E6940C734F239A02F35249A3A76B7AA69326FD3F50B8B73FF004CE4207E55DFE87F1B3C41A7909A8C70EA110EEC3638FC45798AFCA769FC29D8AAB211F4CE81F177C33AD6C8E69DAC272395B8E173ECDD2BBA86E21B9896582549236190C8C0835F167D2B6345F14EB5E1E9C4BA6EA1343FEC672A7EA0F153CBD8773EBFA2BE6AFF0085D3E2EFF9ED6BFF007E0514B9585CF3914B48294D6821A572D91C1A91492BC81F5A455DDD7A538D26C04C734A84A38607041E293BD1DE90CFA5ACED22F12DA59EA1738955E049141E9C806BCDFC796F0E87AD20BCB212E9B77C2BC7F2C90B8EA01F4C7383EF5DCFC2DBEFB5F842C958E5A2DD11FC18E3F422B9CF8A378FAB6A96DE1AB07819E460F71BB04C7819C93FC200E49EB5B53BEE8552D6D4E4ED16EF4CBFB6B6B061A9E95A93084C3D9F3D987F0B01CE7DABD0FC2DE043E1CD562BBB1BA97E504C993F7F3D8FB571DE1D934CD07C52AF697CF2D859DA66EAE255F964909C7C83B70463E87D6BDCAC9E196D9258595D19410CA7208C75CD5545AA26959EA723F1335F5B0F035D08DB64F72C2D82F719E4FE80D7CE39E6BD2FE316AC2E35AB7D351BE5B75323E3FBCDD3F41FAD79A0AE796E682E334D3F2E334E141183B87E3480690CC41C600A70EB4A293BD3448A473494B4628B8098A28C5145C08C50DC8349DE969DC072B6E504F5E94ECD46BC37B1A905218534F5A7535A8067AAFC30D7C69DA25FC614CB2C73AB4518EAECEA4003FEF8AE5254BBBCD6EE34FB5996EB52BE90B5F5CA1F914672501FEE83D4F7C01581A7B5F3DD456B62EEAF3B04215B6E7A8EBDBA9AE92C6168643A3E8C0DCDC4A713CF18E656FEE2FA20F5EFF4AE8A31F76ECCAA3D6C4B736FE66AD1787F4A90DD12F96900C0690800E3FD90147EA6BD73C05AA5A8D0AF2CA1983C3A5B083CD27860A832DF4CE7F2AF2BD4E61E1347D3ECA559F5DB94F2A69E3E45B29EA89EAC7D6AD8BC8FC15E13D4F4969BFE269A8DBA6E8C1FF5609C107DF693FA554F55E8283D6E719E20D51B58D7AF75073FEBE52CB9ECBD147E000ACC141E4D2D721B8734A3A5252336D19EFDA8013387C0FAFD29D4D5181CF53D694D02B0B9A09A434D26801D93EB45337514C028A4A51400BD460D395B23DFBD368E8D9EC783400FA69A5A4340C74692C9246909FDE33055E71C938EB5E8CD776DE11D3CE97A3C8B3EAD3FCB757A833B73FC11FF008FF91E6C7EE9C1C1AEFECEE6CBC39A7DB5C234775ACCD0AB29EA96C08FD5BFCFD77A1ADCC6A2D50CFB2C7E1874BFBE0B26B120DD040DCF91FEDB7FB5E83FC8E4355B89EE751926B82C5D80E5BA9CF39FD6BB68B4E8AC2D5BC4DE2766746CBDB5A31F9EE9FB13E8BD3FCF5E12FEF65D4AFE6BC9C0F3256DC42F41EC3D874A75A5EED905377910528A4A335CC6C2E6999DC77761D286F98EC1D3B9A5E831400ECD213499A2800CD318D296A8D8F1400B4541E6FB1A2802D77A29334679A62B0FA08C8E68A28188A7B1EA297BD21FBE3DE96800AEE7C2F6FA5E8DA2C3AD6AAC97772E4FD8EC41C8383F7E4F6CF6F6FCB85AE87C11630EA9E228ACEEB7340CCC4A838CE149C7D38AD28BF7AC67515D13789AEF53D711F54BE90F96CDB549E01E7EEA0F41CFFF00AEB99AE83C67A84F73E22B9B562A96F68C618224185451ED5CF53AFF001D829FC22D2336381D4D28A6AF3927AE6B1341540029690F4A2800A427028A631C1A00426A2739C2FA9A7679A68E655A4049B4514FC514C47FFFD9, 4, 1),
	('130106', 'ok', '1996-01-07', b'1', '黄宣超', _binary 0xFFD8FFE000104A46494600010100000100010000FFDB004300080606070605080707070909080A0C140D0C0B0B0C1912130F141D1A1F1E1D1A1C1C20242E2720222C231C1C2837292C30313434341F27393D38323C2E333432FFDB0043010909090C0B0C180D0D1832211C213232323232323232323232323232323232323232323232323232323232323232323232323232323232323232323232323232FFC000110800DC00B003012200021101031101FFC4001C0000010501010100000000000000000000000203040506070108FFC4003D10000103020403050703020407010000000100020304110512213106415107132261711432428191A1C123B1D152F0153362722444828392A2D2F1FFC400190101000301010000000000000000000000000102040305FFC4002111010100020202020301000000000000000001021103211231415113223204FFDA000C03010002110311003F00EFE842100842100842100842F1CE0D692E2001B9283D42AEA8C6A8A006F3B091BEFA7D15154F1BD031D962A924DEDEE68835C85CDAAFB4FA4A690B1B554CE70E5212D07E76FE5453DB1D2C6E01F052B9A74CCCA8E7D2D651B4E9D4D0B0941DA9E0554F6C734ED81EEB5AE4906FD0D96B70FC630FC5199E8AAE1987FA1E090A509C84210084210084210084210084210084210084DCD3C70465F23835A3AAC171276A385E141F1D3B84EF6E971EE83EBCFE483735954CA4A77CAF360D172B8EF17F69729AB9A8A89D66B480E7BBDD6F33EA565F15ED6711C45D2B618E3646F696B81BFDB5FBAC04F526695EE7C8E25DA9D7755B5317D5FC5F572CAE0DAD99D1DEF949B055555C43885633BB96A5CF65B6B0B0F455AE02F7B0B79A6DCD17BDBE8893CFA891E2E4DCF984DF7B98104E8774D96D8689275E66C14A129B2BAD66B8E9CADA29B4B88D5524ED9A9A57C12B7E389E5B7F982AADA401BE8959EE40BBAC3CD0760E11ED8ABB0E9594B8F892A298E826BDDCDF5EA1770C3315A3C5A8D95547336489E2E082BE3564A080D712B57C27C6789F0BD5364A49BBD82FE385C7470FE7CD3669F56215370CF1251713E111D7D1BF7D1EC3BB1DCC1572A5010842010842010842012647B63617B880D02E49E494B23DA2E36705E1695F1BAD34AE11C63FA89E4839CF68DC74FA9A89A828E57085872C8197F111FD4797A2E3F5957DF3EE75239A918AD4B9EF702E2E7124B89F88F32A94BAE7516555ADF838E90345C2F04A40D37F449C85DC93ADA7764BEDD1104896DBDC9F328EF997F76C7C929D4EE2DB8074DCF24CF72E3B0281E0E6B85DAED7A203801B58F50A398DC3C92D8F2059C2FD0A074B731E9EABC27C5A8D7D53AC612DBB6F649B1BD891F452002C6FB7CD3ED94B35046A98166EEEB8E4925DAD8A0E93D977163F03E248E291F6A4AA22398176805EC1C3D0DBE4BE9606E17C554D2F75235C0DAC6FA722BEBAE10C40629C298755E6CC5F0B438F98D0FEC90ABC4210A501084201084201729EDAEA0458551DDDAC6FCCD675274FD87DD7565C33B6DAD6CDC4B86E1E4D990D2BA671EA4B8DBE81A7EAA2FA4CF6E31565CE79BEFCCA87719F40A6D402E75ADAB8DCA6228B349A6C0A82AEB05C2BDB3C4E06CB4ADE1F8DF95A2305A3AECA570E51865133417216AA0A16B9A06DD4ACD96776DD871C98F6C54FC3D080D635B777C46C98770E44FBB9CC36F2D1744185C6ED4A5370C630976517DBD028F3AB78E2E61270939EEFD3616B7CD2C709358DBB9A4DBA2E9DEC8D1F084C49420FC214FE4AAFE3C3E9CDDF80B5B190D6DBCD5057E1F253BB56F84EC795D75C970BCC0D87D953D7F0F19E270B5AE2F7B73538F25F9467C58E53A7328DA5CD2D2CD7A266585D1BAC415BE3C30044C79B8D010E02CA9B18C27BA81CF683B5EEBA4E49BD3965C1663B67227026C57D1FD8956493F08CD4D21B9A69C802FB34EA3E5BAF9BE265E4CA7995DD3B09A9224C528DCEF16463EDE8E23F21748CEED28421590108420108420170AEDCF0D7C18DE1B8B35A3BB9E9DD4EE3FEA69CC3ECE3F45DD5613B5BC20629C0555286DE5A2736A5847203477FEA4A8A47CC2E7DC93CCDD3F4B0DE689BCAEA1C8087B8743A2D0F0C51FB6E28C69170CF112A995D4DAF84F2CA46FB09A7EEE96316B1B05A2A565C0BA810B1AD0000000AC63A886201AE780E3B05927776F42F534940597973C82530870D0A5E5D15B4ACA6ADE890E6EA9FC8485E39853493007926DCC6902EA588C59332B6C0953AA8E95955030B2CDD82CFE2D48D928E56DB704AD2492B092DB8BAAEAA883F4E4557D55E7734E3E1B69883A10E5D83B10611C4988971D7D8F6EBFA8355CC719C3CD0E25237E13721759EC2E99F2546275A766431C373D4927F0B5E377DBCECE6AD8ED484215D4084210084210098ACA58AB68A7A599A1D14D1BA378EA08B14FA66A9EE8E9267B3DE6B1C47AD907C75C43863B07C72B70F7788D24EF849EA01D3ED65B2E00A0B524F56F0333DD947A055FC65874AF95F8BC8CCA6AEA8B5C3A9037F5365AFE15A7EE700A61FD4DCDF559F3CA5C7A6BC38AE1C965F84C922925F0B1C583A84EC7873BBBB8DCEF73AFD54A7B3BA88B8AA3ABC76B1952DA7A2A6CCF7681CFF0077D4AE78BADED2AA198AD28CD4D235ED06F91C48FBA4D0E3F57181156D3485F7F798010B2D89F17E3387E2A68A77D2666BDCD78303B40002D22DBE6BD82BDA5ACA9924647594DDD4AF6078CBA83A5EDEA15F2DCF6A61ACAEA35B4F56D95A2DF75ECD52D669704F4BA874719700469708AB86CD2E2D173B9E65536BE912B71F14E4B23A79647F2CA156B311C62B9D68E0644CEAF3AA2AAA7B97B58D8DCF91E72B18D1A92B3EFE36ABA5AD969FD8A92F18B906724939B2E5D07BDE4AF8DB7D4572931FEAB43350D517E692416EA2E0FD92E38E4680D7BCBC72B9D9456F10BC549A7ADA630CBD2F704751D42B566499B982AE5F557C7D6D8BE39A4EE994F536D2F90FCD758EC5A8052F047B4DBC5553BDDF269CA3F62B03C65009787E4247F96F6BBEEB7DD91D5CBFE0630F3191142C12075F72E3736E9BAEBC57AD33F2E16DB63A3A1085D99821084021084024BDB998E6F5042520EC8381F1ED3B0602E0D1FE54ED78F9923F2ACF058B261748D1CA26FEC9DC670E1897B443281DD4D1BA3BDFDC7F23F5B24E0A1C30CA66BFDF63031DEA343FB2C797AD3D2CE7EDBFB58CB1E76DAD70A2BF0D639D98B41F22AD23032A53DB61E6915DB315784452D5326744D748CF71CE0091E853F05035F3B6695999EC370E24DC156CE8C38DCA510D63137B5BD43703ACF07603649AC7676D81B9491EF689127BD6554CFB5654520748C9C0707B4581076507FC0696A311F6E92998EA9BDF396F3EB6DAEB451807422E0EE96C8835D76ECAF2D911757DA964C23BD90BE46E63D5C2EA6D3D30859940360ADDACCC1352C61BB28BDA37F0CEF1143DE6035ADB6D1123E5AADE76694629B072EE663881FF00C565312A7353413423532372FD56EB82064A29E2B58C791A6DE855F8BDB9F2FF0015AA4210B4B10421080421080421083078D61BEC589C84B7F4A625EC36D3CC7C952183B895CD00004E61F35D36BE821C429CC328B736B86ED3D42C7637833B0E313CCC656BEE2E5B6B2CFC986BB8D7872F9492FB56C2795D492DBB6EA23342A535C0B775CDD4CC8031A4D9548A8353532301B323B03E655B4C6ED23AAAA7D23A3CFDD5BC5B8D956AF0EC1353B89B4AD76536F0906C7A14544B11CB670F32A9F0BE1AA0C39D33E9E331CB31BC8ECE492958A601475F4620AA6BA66DEE3C65A41EB70AC273E4742E0E06ED3BF929D4EE1234395652D23990B2139B234068CC6E6C3A95694B188801D141751281C814595F726C9F91E08511DA9B29B552A200BC176C355BCE18A4F66C25AF22C667193E5C951E03803310A733CD23DB1E6B65681E21EAB6AC6358C6B1A006B45801C82EDC78DF759B9739678C7A842176670842100842100842100A9B8961EF70A2EB5CC6E0EFC2B94C5641ED347343FD6D207AA8CA6E6938DD5DB9C96DACBD63ACBD93C3A3B420D8A6C2C6DF04D20628864CEE36360374C6210D55434B29E5113CFC645EDF2555252E24086BAB1B94748EC0FDD245B1C7CBE573ED0C8B67027EC9B75646F6806C552BE0C499EEBA070E77B84CBE1C4AD72D8BE4F3FC29F1689C334D0873A3B3B70A4C73DC5F9ACA4071404B2274241F85C490AE687DA0441B521A251A38B363E8A2CD38658EAAC9EF2E3BA535BE1BA431B7B2B2C3E90D5D64300F89C2FE9CD24DA995D46DF06A7F66C2A9D96B12D04FCD4F5E001AD006C345EAD926A305BBBB084214A02108402108402108402CDF16718D170B5337BC69A8AD941EE69986C5D6E6E3F0B7CCABEABA98E8E926A994DA38985EE3E405D7CAFC658F4F8A55D6D6CD984B533D812EBE5601A34797F0A64F9A3A0615C5917114D54E263654B242648E3D1B63CDB7E5C95DC2FBAE3BD9DC99B1EA88C5AEEA775AFD6E175364E69CDA4BDB93BAAC7C935936F1DDE1164E02CA3C8C1D129B335E2F74ACED2557DAEAC9A270DB44D3212ED1C6E3A2B67358ED2C86C6C1B80A755D2725D691628034682C148C834D12C168D921D2868BDD429B28100ECB41C29574631734D2480563E12F8587E2683E223CF659712190DC68DEBD550E2D8C4987E3B435101CB352B99235E0F22E20B4F910BAF0CDE5A71E6FE5DF109B8256CF047330DDAF68703E445D38B432042108042108042108042108333DA039CDE05C55CD36B46DBE97D3336EBE65C66133D3CC583C4089401D46FF0051AAECFDA27687165A9C0B0D6C5331C0C35531171D0B5BCAE3AEB65C71F26570B91A1D09F84F4FC2EB8E3FAF68DF63B3837E2394DFFE5CFEE175F2D6BD9E200822C415C7B0E2CC0B1E8F10A70E14D20CB2B0EF1DFF0017D975BA3AB8EAA9DB246E05A45D62E5C6CCBB6CE1BFA1B7D34B10269DDA7F41FC1515F8A7B38FD763E370E65BA15685D62BC708DED21CD06FD5738BAB5B8E52903F545FC925F8EC163FAA3EA9F9308A397530313230AA285D9BBA6DD4EE274F23C4CCC3F45AE7F981A7D54889AF90E699DA7F48D922ED60B340012D920B6F61D545ED6D1F7C99586C6C160314C4195D8839EC21CDCC0379E60DB81F525C7E4ADB1FC69AF8DD474F216B4E92C8DDFF00DADF33F658C330DA3DB61D3C9BF65ABFCFC777E559B9B926BC63EA1E0AA87557066112BC92E34CD04937DB4FC2BE5F3BF0971DE21C3350C85D23A7C3EEDEF29DFAD81DCB4F23FBAFA068AB20C428E1ABA690490CCD0F638730574CB1D5673E842154084210098AAACA6A284CD555114118F8A47868FBAE478E76B95B2B4C78653B695A46923BC6EF33D3F75CF310C6EB3159FDA2BAAE499E75F1BAFA7A74579C76FB36ECF8E76B18261ED7478787E2130D0167863BFF00B8EFF20B97637DA2E378D4AE65456BA1A7274829C1632DE6773F32B279CD8650799BFF000A2B9EE6BB468200DC15D26122BB489AA1CF91E4E6BF3B9D7E6790F209A98832071B59DA13D2FB94979EF1876BDF569E679927A269EECF625D7BF3E47A95642453D777570F00B4827500E6B902C4745A3C1711970F79111CD003AB6F72C1FC2C6E7731D96DE12403E8148A5AF7D3B01639C406E6041D895CF3C2673557E3E4B85DC75B83108AA5A0B772396CA535C48D365CFA8711F0DE1778AF6CA7677A79F92BFC2B88229BC0F7D8EDAAC59F16585EDB31CF1CBD2FDD5063BE971D130E90BCDCE9E496EA980B73778DB2A7C431EA5A565A3734C84E51D2EAB31B6EA2FE524DD49ABAB8A962CF2BB28FB9F459CC571E7B40880C8D3A65CD63F3E9E8AA714C59CF983BBD2F92F6CDD3D072FDD67E4A82E25E6FA80E006D71BAD787049DE4CDC9CF6F58A6D557BE7F10361905C016D8EB64C324F19B7BA2E35E7CC2885C5F71C81207F7F54F335D0EA0F3E4BBED9935B29EF01D49BF2FC7F0B4D8071862D804EC387D5BDB19F7A23AC6EFFA4FFF00AB26CD45CF2D08EBFDF22945E4C80E97DF31D12F698FA0787BB5BC3EB4322C621F6398ED2C77746EF96E3EEBA0D2565357D3B6A29278E785DB3E370702BE4612BB2EE74B1042BAC078AB11E1FA913D0D53DA6F67349F0B80EA3654BC7F49DBEA642E77C35DAB61D897774F8AB451CEEB012DFF004DDFFCAE831CB1CD1B6489ED7B1DA8734DC1F9AE7659ED2F924BCE5B779AF99FC24E604DC019ADA5CF24670F206A466B02422DADADB120F25AD436F6D87AF203609891A4E6BE616D35B29448765B6A0B4DEC3926CC418DCC45891AEBBFF2A342366CA5C41363A3875096F6E66B8E8E1719BCCF26A53E23720DC9B5EDC9360BA2B1F79A3502DD46EAA18962B1209B3810D3A6E6FC944B39A0F4FE0AB568F0DD841C9E1037CCE29A742D0DCA5B7CB665C0B8BDEE5348426D439A416BACEB9DF629EA6AE90084971CC1C5A75B1B7AA4CD08C8E22D60D36B1F351CC172F666B5AC6E3AAADDA5B838AC7254BA99D9B2CAD01A3380DEEB21B91D0DF9795D642AEB257FB407BC9687581F9E8B4B1C847058798D9EDC222D6CD936809B96E6E4735B4591740E0C6E627C6E04829B1E3A625CEDEF9B73F74461CEB13BDFF7D538C89A0D8106E5DBF24F321395A00F139B76DBA84D0442DD0137BE84799E613F1B74F0B35B661E63984A6305B40083E365FA8DD7AE265F0B2E5B7BDC686FCD5B412EB7C1AB46D7D344A636EFCE46517FA2F5B0917275235B0E69CCBDDDC1BE9A6A9A0AF8480371AD86C9B07C7A1E775ED9C1A05AFF008D57A586E35BB49BEA7929D07E9E722EC26F75A3C1B8BB17C047FC0574914677668587D01D16623612ED6D7D79A597166A400074174D7D9B3B701B7CC001FD27F2873435A0341CD617D755E58788F3CBF909F7B1A0CA40D45B5BABA0D64CAE2DBDCDF726E355E35CE1624F87A00BC7B8B05DA6C4B812522591C1E2C6DA12A02C0686D802DE641D2FC925ECB024348D3A734E3091206DCD80D354C97B83DC41DD9AA060C4F0EEF1AF008B116BD8A193B5AE63640465B924FC4484B0E765DCE910B6A912B5A4BAE07BA0AA8F088C37C47510DDB7EAA3374A997526C46C9BA8716BE4683A5AD6F249A325EF9B31279FD956FB178DAC90614FA475B28834FB92AB5E0DE126DBDEF6F24FB4787FEC7E0A6AA0D9AD3CC5AC5570F95B2F834C706EEDD5B25F6E5D17A656B490D1B3B417E4A3C6E2E73C13A6653A28226B3460171AABCED06D8D2E1E3BB5835006C9F6B037C20682DB6C7D516B31A05FC4403AEF73AA5B05C6B7F7ADBF2523C687017B0034046E3E482F1775EDA93637DFC93AFF000B1B974BBB97AA61BE2173D1C7EEA501A083A3C917D025005C771ADFFB297134161B8FEEEBD00589E600520B82D07293A5FD178E7657682F61643C005A06D94A46B7DF5CA0DD07FFD9, 4, 1),
	('130201', 'ok', '1996-01-08', b'1', '甘定华', _binary 0xFFD8FFE000104A46494600010100000100010000FFDB004300080606070605080707070909080A0C140D0C0B0B0C1912130F141D1A1F1E1D1A1C1C20242E2720222C231C1C2837292C30313434341F27393D38323C2E333432FFDB0043010909090C0B0C180D0D1832211C213232323232323232323232323232323232323232323232323232323232323232323232323232323232323232323232323232FFC000110800DC00A003012200021101031101FFC4001B00010002030101000000000000000000000003050406070201FFC4003C1000010302040403050605030500000000010002030411051221310641516113227107328191B1142342A1C1E115526272D12433533592B2F0F1FFC4001B01010001050100000000000000000000000002010304050607FFC4002F1100020103030204050305000000000000000102030411052131124106135161228191A1B11471F02332C1D1E1FFDA000C03010002110311003F009D1117687950444401111004444011110044440111100444401111004444011110044440111100444009361A9299096422A2C771E661EDF0627074A46A06BA1D3E6B50771156BA47889C6CEE64AD65C6A70A52E98AC9D059787EADC53F3272E9CFB1D311737A6C7AAE9E4CFE2BC8E97365714FC5EFCEE33E47346C036C4AA53D5694BFB9344AB786EE60B34E4A5F63704581498BD2D5B5B67863CFE12567AD853AB0A8B30793475EDEAD0974D58E18444570B2111100444401111004444017C73835A5C4D80D495F56BBC4B8EC3474CEA68CE799C3501B7B7EEAC57AF1A3072919765693BAAAA9C7E663E25C610432BA2A70FF0026EEB0D555BF8BB107B1F95ED6B1DA036D7E0B4D7D5B9C738D64257A33BDA6EE7F9C74E4B99AB795AA3CB67A05B6996B422946267CD33A790BE437BF53AA42E11903C31F355EC91C4F3B2CE88BDCCB6423BD96319FFB1EA5739E49B36DFDAA105C08361E8345F1EE21C7CE5A0746A31E5C2E1E43FB142864D3D5491BDA5AECB63CD6E78171240D6369AA4124ED21768B472C327BC2CE1CC29210F06C7516E4AED1AD3A52EA8B31EE6D69DCC1C2A2C9D75AE6BDA1CC70734EC42FAB52C031A2C220A873F2F22E216D80822E0DC15D3DA5CC6BC33DCF3FD4B4F9D9D4E97C3E0FA888B28D704444011110044440606315AEC3F0B9EA5A2EE637CA3BAE4B89554F50DF1093A9D7B2E93C5F308F05733386990DAC79AE5F2026A036FA11B2E6F54A8E55BA73B23BCF0ED18C2D3AF1BC998C2E4743D54C217000B490B229E8DF3BC35A2E7EAB61A2E189E5602FD0745AB724B93A08C1CB835A67881C373F059F1194B6C43C7A342DBE0E0712D9CC92CE3B03A5FE2BDC9C1F571372826E362402A1E6C4B9E4C8D35ED006A6FDAEBC0665008CA072D7657B55C335D112E167F5045AEA96586685E58F8F291B83716538C94B82DCA0E3CA3E17BC1B9DBA85E9CF7B9A082081A8206A3FF7AA85A483BE9DF9294405AED34235363F98532065C0F739D1969B3BD5740C0AB855D10638FDE47A1EE173C863B8D49F2EEDE77EA16C1C3B54E8713899BB5F66123637E6B2EC6B795597A3D8D66AF6AAE2D27EA9657C8DE111175479C84444011110044440697C6C47DA699A75F23886AD383031F248E1AF25BB71953BFC7A6A81EE96969ED6D569D52D066B720740B92BD4FF00513CFA9E97A534EC6938FA1BA70DE0EC79A690B747C0EB7AADE70EC3E3742D36045BCC16070ED018305A19241692C4D8F4215ED091047A9035360B5339E65837B08E227BA7A06C4F2DB0C875B2CC751B1C2C45C2F4CBBCDEFA2CB630DB544836524F8531C090CBAD5F18E1DA5A9696CD17A386E3E2BA1F8770400163D4E18DA889C2C2F6451F41D5D99C2319E18A9C2DC2667DF531FC4376FAAC4A685ADB1B12C3D3F095D7AA70F740E31CACBB0E8091A2D2B19C25B85622D9238FFD348730FE93CC2C884DF0CB152925BC4D6DF4E43EC0FBDE5BF43B852E112915F4CF1A5A519BB3AFFAAB0A9A764358F809F2EEDB743A8B26114CD7633134817CD7769BDB5591472E714BD51877388D19B97093FC1BC9DD111766795044440111100444406BFC5ECCD85C4FB5F24B73E962B4FA2A41598D52D3FF00C8E175BFE3B07DA7099E9E377DF18CC8D005FDDD6DF1D96A5C1F01A9E2DA536B88C39E7B587EEB92D4AAC275E5283C9E93A25BD5A3674E156387FE1BC9D58464431C71E995A00EDA29E9E80B5809F34835B90A48E32597B6BD02C2C46AF1482279A46C632B1CEB96E62481A003BAD3C393A19707AA8AEC468E616823732FA870E5D88569438A36A5803DBE1BF9B49BAD2305E20C6716FE28279203F64F346C9295D178A3D6FA1E56D55DD0BBC711CE18E8B30D58ED0B4F45726DC5EE5A82525946DAC7B402792C79B121134E48DD21E80A9A9A9C3A9AF7BDC2A4C4F106E1F987846591AC74A580DACD1CC9524CA3DCCF716E2913A3929F2DC7AAD6F12C31C43A92A0666DCF86F775E4A5C0F8D86246A7C3C3DC1B4CE224CB235F60373606E5BAEE15D55CD16274F1CD16BCC29CBDCA43DB838FE3AC929F150C20831D9A3FB797F8F82CFE1F8049884D29FC1AB4FE4B278EA9FC2C4A2980D1EC8C93DF5BAF9C32D2629E6B59AE7000FCD66E9E94ABC13F5359ACC9C2CEA35E9F9D8BF4445D79E5E11110044440134B8BEC88A8D6560AC5F4C9333305A48992D6D4CEC2E90CB92C760CB5ECB58E0CA0753E2D5F2CAC0D973B9805B51675FF0050B69A42E7021A09123723FB387BA7E570829C53E38F7E4CA276B5F7EAEB653FF885C057A72A339529728F66A15E1754E1710E1ACFF3F6362A48B35890B2DF44D2336A0F50A1A47816D558E7BB353C9462B6127B94B510F2047A8680B01B180F3BD81E6AD2A5E03ED7558C70924D36BA849E5E0944D8A987DC858D5D8732A1A5EE6B49D8822F7534523444C17D94A6505875BDD5EDB05BEE53E1B80E1D40E91F4B45042E93DF31B6D9BD5583A06B3CC1A148C69BE854AFCB96C5131839D7B46A563706153B6495A2FD8AC7C2B0F7D0E0D4E1D7FBC01E01EED07F5571C65452630287088EE1B35407CAE1F863602E254B8BB445F6785ADCAD63341D397E8B61A5C7AAE63F3FC1A8F104FA34FA9EF85F74562222EBCF31088880222200888809A9EA5F4CFCCCB1BEE0EC56532A9F5954C0F0D0E172D2D16D7A2AF52D33832A6371D8385D60DE5951AD0949C7E2C726DB4CD52E6DAA42119BE8CADBB73B9B1D349A0568D76662A38DD95D6E8559C321CB6BAE222CF529A31A78DD9DCE26EAB9B3D532A0865112C6FE2CC35F82B29A5199CD73C0B6FAA81955471C8019D9DCDD571965639EC4DFC46414C1EDA19A4D756800387CCACA0E739AC735AE683B823551412C2F7960999989B8175982C0D89DD5DC1197B92460900A8A79CB0152E7B35614AE04973B61A944473EA561F0DB54EA99E66B243A35AE3B37AFC7F45535F502A6A9CF6FBA340A3A894CD3BDE4EE6EA25D5D869D1B77E6379783CEB58D7277B174547114F3EEFD02222DA1CF8444401111004444010685111955C96D1CD98B5FA59E2FF1E6ACE09AC45D50C2D7FD9AE058E6394953D1D679CC720CAF1C979FDDC152B89C23C267AFD85595C5A53AB35BB5BFF3DCB1AEC369AB757B3CC7F1055C301A7637565F5DF55730481DA12B358D696D9423B9951A9286C8A18F008268DB95F2C6E1B65790ACA1C39D4BE191553481BC9EEB8566D8DA1B7B051CA5A773A0571F04675653E48DF2796C375558AD4F874D906EED165190C84866C377725478B38FDAF21D9AD007D5676994555B849F0B734BAEDCBB7B2938F32DBEBCFD8AF3A94445D89E6211110044440111100444407D02EB1710AF8B0CA674F36B6170C0752B1B17C65984D3F9407D54BE58587AFF0031EC150E174CFE21C7A8E86A247BDB3483C5713A968D5DF90B2D4DFDFF0097FD3A7CFAFA1D368DA2AAEBCFAFB47B2F5FF86F1431C90D15378C4F8F344D9E5ECE76A07A0040F82967A71200F668E1B10AC31780C188B74B3648816DBFA7423E9F358EC20FAAE3EA27D6F27A241A505831E3C41F4D6130200FC4365690E2D048C1965693EAB05EC6BC9690BE4584D248EF33403F2558BC0924CBCFE251359E6781EA5406796B9E1B182C8B9B8EE42F94F8552D3B438460B8ED7D566460373582BBC90E03636B5818DD06CB5CC6E56C30E195B2B6D055B1F1B9CDDDAF638807B822DF25B054CCDA7A792623DD1A01CCF203D4D82C6F681870A4E09A116FBCA4962B91D5D70EFCCAC9B59CA13EA83C34625E52A75A9F9751653359BB776B838751B145A9FF0018930991A5CDF129DE6CE6FF0029EA3D7A2BEA1C4E9ABE20F89F63FCAED085D45B6A14EA2C49E2479F5FE87716F36E92728766B9F9A33917CDB75F567A69F0695A69E18444428178925644C2E7B834775553E324822165B4DCEA7E4AB26A992A1C1CE7E63DCAD3D6D5A2B6A4B3FB9D4DA7866A4BE2B9963D96EFEBC7E4B3ACC7591309819E21EEA9EAB1FA89E375DED89805C86F4F550385C9BAA7C5AECA57B069E21CA3F55ABAB775EAED296C7456FA65A5B34E9C165777BBFB98B473CB5F5F2D548E712D161737B5FF0060B7AF67803B8C69AFA911CA47FDAB4AC2A2F0A99FA6A5DADFD02DA783AA8517166172BCD9AF9BC271FEE05BF5216319CD9D9717C3E4C470D2DA7683594CEF16069FC7A7999F11F9D96B34CF8EAA26CD1FBA46C45883D0F75B98710439A6CE6AA1C6F0B7C334B8CE1D19746FF35653B06AD77FC8D1F51F1566B53EAF8917E8D5C7C2CAE7375EEA56C6E7B6E2E0F550C73C7511892270703AE8B269E7B1CAE1AAC68993B9991E7CA0389240DD4ADF28249B755E04BE5D345475753538CE22CC1B0A39A479FBD7F2637993D82B9EC889758330E3F8EB5CDFFA761EFCEF75B4965FC2DF41BFC959FB41609382B112EDDBE1BC7A87B55CE178653E0F86C3414C3C918F338EEF77371EE56B9ED36AFECDC192C63DEA89E2887A66CC7F26ACDA70E98983567D72DB838B6254FF0068A39E203CD949603D46A160E14F753C8C6DEF1CADCEC75F9F30AE08BBB527A8504587F8713A16BC869797B3CA3CBADEC3E2AA47258C3532C4FF00BB90E9A90750AC62C45A47DEB48EEDFF000AAE13E502DAFBA54CEB1D82BD4ABD4A4FE07831EE2D285CAC568A7F9FAF25CB268E4F71E0A91500B8B72FF2B2E1AE963B35C0482DCF43F35B3A3AAF6AABE873B77E1ACFC56D2F93FF0065235A6F6E9AAF7E158000137E4B23C324EC491CD48C65C9D390BAD2E0EADB310C6E0CD41DAFAF25592D2C5513DE46121972072BAB9AA2E6C6EB5CD957D364787B5D20125F63CD518300C6D8AED63406DF60A484B9A58F6FBF1B83C1E9637FD1493445AFB6C0A5336EF0C1B9D35440EFB1BAEC649CA46875FB117523647D3CA248CD95770E55B313E14C36A41B930863BB39BE523E6159B45DB62AA44AAAEE1986BA575661323292A9DAC903BFDA90F516F74FE5D953CCE9B0D7166254EEA670E6FF0074FA3B62B6E8ACC7F4EEA6C4F13A7A6C35EC9DD192F690D6C80116D8920EF656DD1527B725E85771D9EE73C9B11AAC5AA1B86E0ECF1269342E07468E649E43BADFF86786E9F86E80B1A7C5AB9759E723571E83A01D16B5C35C4385D0564D08A5829E99CED6A181ADB1EAEB72F4D9740B8700E041045C11CD4A9D2E9DDF252AD672D96C8F21683ED52EFC1E8D9C84D9FE36B0FA95BF8175CEFDAA54B636E1D497F3C84BEDD87EE42BA585C9CE9B116917049E575F4139C068BB94AD36B6607E2BCBA373DCDCA7C87DECA35FFE2A153CC39848F6586FCBAF453BC1E5EA91C618064F55E9CD234D90A9E1B6B168E7D4AFB96DD35DEE81BA10392945AD7B83EA832621BE6D5C0597A63B71A91747B08048B03B5944C900203B975512A64CA1A63D401D8954B346C7CBE1B1B7793B83A0574F378B6B69C8AA7A2F2C92C6EBDDAF3A230441A417B49CCE0479BB28E139676EA2F7594F696C84ECB18FFB97007A5D501D63D9C43353D055514C6F04B27DA20774CDB8F985B7C90B9B7D365A8701D41930C6B2FAB1A6DDB5FDD6F0C8DEF8DD2920E76D81BEC5559129711C4A9B08C3A7AFAC7E48206E677527901DC9D02E435B8CD5E2D893F1096476698D9B18376B1A3668F4FCCDCADE38E30A9B1C732392630E1F11258D6EEE936CE7B0E43D5730A48E7A3AD970DA8169A9E4B11D75DFD0ADBE97D0A4F3C98B749B8FB16F896150D56152C8630D9ADE52DD2E7A582E8FECCF17AA1844784D7CAE90C3E482479D6DFCA7F454B80E1CDAEC4ED20BC7491E63D0BDDA0F90B95B94780C74CF2F8401F8B44D4E69CD4576236517D197DCDADA407589B2E3DED2A7355C6593765342C807F7119DDF56AEAB452F8C191D45C497CA1DC9FF00BAE3BC59389B1D92623FDCA899E3D010D1F45AA33115519B021C371A2F59FCB6B926FCD459881A5AC4682CA48F575AC4755507AD04E3A65F35FAEA8F3FD440E9BAF840F19EED4D881AFA265CC003D2FA1407C17D33295A72DACD26FB7A2F36D4F71BAF4E683622F7E4808E46DF502C6FA2C19DA5845B51D959FBCDD75DD60D5681C47A283248FB0CF78F501C7EAB158D03119B4B666870E5AAF30E86E09DFAF653385B118BBB6C5011CADD49DB5D961BDA01B74D967C8078A4760B125F7C9406FBECFAA0095D1177BDFA85D2883146230FF213722DBAE49C106D5048D0803EABABBC92C69ECABD8894BC4A4089AD1A97AE49C425D2719D4C8D6B1ADA68E381EEDCBC800DFD75B7C175BE22F7623CC6CB85D04D2D43AA2595E5EF7D466738F32775B2D3619A9D4FB18F72F10C1D1783F13753626FA6A8963BD639AE6B46E1C07D2DF9AEA4F3F739873017058096F1342E6921C1B707A1B2EF0DD69A1EE029EA74D466A6BB90B49663830F1871830494B490E3B11BDF65CBF8C0B1B8DD2B00032D3071D39971FF000BA8710E9850FEE6FD572AE2B24F1249FD3046076D0AD6332D1559439FC85B5B05914D73281BFA2823F33493BA9A3F29791A1D75F9AA02263896B9F6B07127F3530041D77BF22A26802288586A0A9D9B7C02A83D3EF96E2D6E451A6C3911F9AF80687D509B341B0D81D501FFD9, 2, 2),
	('130202', 'ok', '1996-01-09', b'0', '袁少平', _binary 0xFFD8FFE000104A46494600010100000100010000FFDB004300080606070605080707070909080A0C140D0C0B0B0C1912130F141D1A1F1E1D1A1C1C20242E2720222C231C1C2837292C30313434341F27393D38323C2E333432FFDB0043010909090C0B0C180D0D1832211C213232323232323232323232323232323232323232323232323232323232323232323232323232323232323232323232323232FFC000110800DC009C03012200021101031101FFC4001C0000010501010100000000000000000000000203040506070108FFC4003E10000103020403050702030607000000000100020304110512213106415113226171810714324291A1B115C12452D11723435382F133627292B2E1F0FFC4001A010001050100000000000000000000000000010203040506FFC400261100020202020202020203000000000000000102110304122131412251056114813242C1FFDA000C03010002110311003F00E7084216C98608421020210840A08421020210840A084210008421000842100084210008B9EA84200108420010842001084DCD3470333C8EB0FB948DA4AD824DBA43890E918C04970D3C5554B5B5554D70863EC99FCE4EB651452E5DF7E77D5549EDA5FE25CC7A727DC8B097178D8EB4633F5D107176F660B2124F305DB285D8C710CC405E4658F7779A72FF00CBBAADFCAC9F65A5A98FE8B1A7C4DB292248CB3CB552DB2B64BE478D157430B65780C2E07AAF6AE011C8035E1C7439AD62923B734E984B4A0D5A2CC1B85EA8D4AF3D906BF71CD491AAD1C591648D99B971BC72A6084214A4608421000842100084210008421001A0049360157080D5CCE9A6D183E069E414C9E40C6E5E6EFB0E69313839A4ECC6F2EA5676DE4B7C11A3A78A97363128CA72B40039051DF96319DC0DAFA03CCF5539ED2E702F361CC0E8A318CCF292E1A0D82A4CD04885D9BE5717BF6E89F8E1BFCBA053A2A37D4CA2360D86EB5383F0A4D53233B9A1EBD14739A44B0C7C8ACC07037D648D25AEB122CE015BE25C15239AE7C6D90B80F3BFAAE9182F0C329216803BA0DF5E656A594717641A5836E6AABCB24ECB1C23547CAB5CCA9C366314B1B8069D41D084BA5AD0E36BDC3B63D0AEE5C6BC1D478BD13CB620C9C0EEBDA350B81D4D0CD85E23252CE3290ECA7C0F22AEEBEC5F8296CEBA68BB06E17AA2D2CF9C6577C6DEE95296E639F38D983920E12A6084213C602108400210840021092FD5845ED7D12374AC176CACA897B5AA22F66E80796EA6B1A5A1AC37B5AF61E2ABE9AD3D7485C0E4BEBE5FEC158BA405B9EE333CFF00DA163647726CDDC51E304871E1A4687CCA5430F740BEA7F09988F68FC80D813727A00B4F80E1BEF3336A1E2ED06CCB8FBA82725156CB308727489FC3F81F75B2C8DEF3FE5B725D4302C29B1445EF68B9E4541C0F090435D6DB65B1A7A711B2C02A7C9C9D9665515486DCC000B25381B29060D6F6D136F66529B21B12AEB232E8CDC2E2FED3B05EFB6B6260CC34711F65DCAA1A4B48B2C2F19508A8C2EA1AE1B34909B8E4E324C7B5CA3470985C43E19394ADB1F30AD952C87B28A403FC29730F257119CD1B48E62EBA4D295A68E777A1524C52108574A2084210008421000A3D6CA21A673CFA79A90ABF18711461A3E677ECA3CCEA0D926157912225092D8F30D0BC9173F952659738B3490C037E83A280C9AE6284D85865240F153191BAA65ECE21DC1CD634BA3760AC9D8606C950D0F786027BDE01753C05F405AC6B2465858000ECB138170ED3D5BC095C4F52B714FC1149144248EA658DDFF52A9967165DC70714742C38C71C4321042B564E0B742B1384D355503446FA974CC0742775A38653900BA86FE85712D4D4E9AECA2566254B4EDBCB2B5B6EA556D5D4BC34B5AEB1E4AAA0C060AE98BEBA67CC5DF2DF4472FB0502D5BC4187CE7BB302DEA153E38F86A6091B13C381691BAB47E0F86D33088A0632DCC0B15495B042240E88588DEDD135D0E8A3E7DAF6763895653BB9DC29F42ECF45093BE5B7D1238C60349C593B0023334391869FE09A3A39C3EEB73425DFF462FE463D7F64B4210B50C804210800421080055F8B5840C77471B7D1582838A47DA40C17F9BE1EAA0D9758993EAABCA8A1638B1D9CEE760AEE8B0A64D48DA896693BDB35A6C3753F0E8A90F0F4EC7B5AE7D436320DBE139EC7F6573C21823B156085D7CB1BCB1C3C4158D964E0BBE8DEC118CDFD99EA3A2AA9AA246C46A5B036F9046E3727C4F251A9AA71F6D5B29CD456C5AD9D77BC06F5E6BBFE1FC2ECA200D38ECDD6D74531F80BA475E69C3BC036CA05B0FE89DE08DF9396E1F356C9471C949C4389523EDF04F695808E5B036503FB4DE2BC3659A99F514F506271697BA007E96B69E6BAFD4E0785D1E1D515751131B14113A479DB468B9FC2C4F03700B71DC1A7C6ABCC91BAADEE9236B34B0274442776E4AC2715FEAE8A6C2319E24E25A2756D5F107BA53E72D6B6185B9DD6DFC005498ED4E39DABFDC313C4E789AEECDC5EF399E47301A069C9741E08C0A9E8B1BC6B00AC607BA99EDA982FF346FD0FD081F55B5770FD235C0C71643C8B535E4E32E9742A845C69F93825160F88D6612E96A65AF65517F7439CEB65B735A2C1F82195D439AA6A2BA9E703E38AA4969F100FE17587606D7B6CF7B9CCE8545AAC1DB4D11929CE4B0DB926CB3C9F81F1C5047CE989C75187E315741533BA7744F3197BB5CC06DBA9386EB42C3D493F74EE2D525E719AB7004D64C7B3773CB9CB7E87294D61A08A08EFD4FE56CE9AF927FA30F7A5F16BF64B4210B48CB0421080042108005071268FEE1C491FDE007CAEA7262AE1EDE9DCC1F16E3CD47963CA0D12619719A642A377654AF82C4384C1B6BEFDF0BA5E05EF3C3D88BB148699F55875580E9A38FE389FCC81CC15CBE5787CCC7B4D8C8E63BD6FAFDC15D87806A995742FA59ECE313ED63CC1D47EEB1F6A0F8725EBA36B532253E0FDF66BA978EF871E2D355BA9CFF2CD0B9A47D94A7F1A70AB45FF005685DE0D6B89FB052A0C230C7341751C0EF3605ED460D85642450C20F50DB2CEEBE8D3695F93158F638FE3395BC3D844350CA099C0D655CAC2CBC40DCB5A0EBAF52BA5E1F1434787474D0B032263035AD036002CED1D052D3492C91B1B1DF4B00ADE2C5601096902E39A3909282F464B8C292AF0EC5A9388F09844B554A0C73C17B76F0BB76DFA8DC78852687DA570E49034D63EAE8A4B6ACA8A67E9EAD04157150F8EB18E703E4954543433C4D74B490B9D6D496048A5F62B8AA2B24F689C2A077312321E91D3C84FFE2A9F15E289B1EA4968703A3A98CCCD2C35B531F66C8C1DC869EF38FA2DB1C3B0F68EED241E91855189C74F4D0BDEC8D8DB0274164BD5F483AA3E7DE2A861A7C6BF4AA724C34A228413BF71A4927C4975D2608C4503183904D5749EF9C515F39D6F33BFA7ECA4AE874E151B6737BB9394A902108570A408421000842100084210056564222AA8A403BA64076D89DFFAADE702547638E3A326C248F4F42B215518921CA4730ACB87EB8D16314B23CD83240C79F0DAEA9E7C7709C57B2E60C953849FA677CA7A9EE04F07769B95574D207B410742BCAFA8AAA783F8587B690ECCBDAFEAB9C674E2F17C2AA3108DD1D3D5F601E2CEB03B78107454D4FC1959471362A7C5666C7CDAE370DF2BA7C7133A9DB6AAA59A078DF38B8FA8BE89F8B8CF0E3192F92325BD2408A648A336BA445C3784EB30CA891F0E26F736537789AEFD7A8D742B5B0B1B0C0D6B4FC22D7EAB2EFE2FA278EE481C4EC233989F448A2C76B6AAB2DEE150CA73B48FB0BFA6E1277E58D9465ECD43EA08045D66B89EAC4582D5484DACC2AD9EE242C2FB46C485360EEA56B8191E2E473B7FBA9B0C794D22B67971C6D9CB28DB98CB31F8A47971FCA9699A66E581A3C07E13CBA7C6AA291CB647726C1084278C0421080042108004210803C70B81E06EBCCBABC8D0BB4FB252135AB153A37DECF78A3F51A2FD3AAE4B56D30CBDE3ABD8340EF4D8AE8D4E7310E3AAE03C3D87D4D4710FBE4123E16515E79A566E1A397FAB6FAAED385624258A371D03DA08F50B99D8C6A32E8EAF0E4E71EC9F5F40D98F68DBB4EFDD556E73E37657451B8F2718415A38CB5FCD7A618F980557E4D782CC723451414227707BC7A06D82B611B2388318D02C9EECE366AA1D5D4B208C924049DB1B29393EC62B6B22A2A692799E1B1C6D2E24F20B8963F89498D6252D4C97CAF706B1A79341D02E878FCECC4206D24C5C229DF91B63637B120FD42E7B89E175185CE22A86D8BBBD1BB93DBD42D9FC6C214E5EFC18DF9494D351F5FF00480058597A842D83141084200108420010842001084020EC41F2400212E1865A89E38218DD24B238358C68B9713B00BB570C7B32A4C0CB2BB137C75D54596EC5D1831C4E36371D48EA993C8A0BB24C78A591F45470770FBDBECE6BAA1D006CF5CE7BDA48D5CC0DB0BF813752F0EA6270FA7CBB88DA01F45D22A2302943401603A6EB0983D9D0065BBAC7168F206CB9EDE76D48E8B4971871FA06623251F76769B0F980D13FFAEC0469234FAA9F361ED963BDAEA966E1F8DEF272807C951E5F65E542E5C7A30086BB31E835509ADA8C465ED26D231B354EA6C05AC70EEAB39295B4D0682C5239074BC1CF78B8CB4D1C1340DBBA199AEB7DBF75D06B383B0EE22C198DAC8B24CE634C73B077E2B0D003CC6FA78ACA710D2F6D0B185B7CEF68FA90BABD130368A3B6C2DA782D0D2934BA296EC53AB3E65C7B03ACE1DC5A5C3EB5A048CD5AF6FC3234ECE1E07EDB2AD5F4971AF07C1C55833A26358CAF881752CC7E577F293FCA79FD57CF98B60D88E075CEA3C4A924A7986A03868E1D5A7623C42DDC5954D7ECE7B36178DF5E08084214C4208421006CB0EF65DC555F286C942DA38F9CB532003D00B92B494DEC4AAB266ACC6E18CDF68602ED3CC91F85D8D8CB5ED64B7373308B2CF7B1919A4B571AF3D98DE1CF67DC3D83587B9475B303733D5B03DC4F80D9A3C958637C2F8362EF860ACC3A0747736C9186907CC58ABBA31AB81DC14AAA607380B6B7B8F05173937764CA114A922830CE15C0B0690BF0CC32081FFE6D8B9E7FD4EB90ADE18B34A01D825E8D1AF24892BE930E8DCFA99D91B9DB37775BCB7436DF91524BA4489981F1916E4B01474BEEF8BD7D1EC1929737C8EBFBAE88E01D1E606E08B8592C468E466386AD8C258F8C35E4722154DB8F285AF45BD59549A63B037B85A77097D90BEC9718B6BD52C10375985D1B6B037928558DEDAA5910D86A5589B12A23E3B4EE906A4A18A8A2C468C4B5B491D8EB33765D069D83DDF281B0B02B23D8BE4C529DD6D184B89B6DA15AEA6378039C4D80D82D0D35F1653DB7DA14C712D046E145C4B09C3F1787B1C4A860AA88EA04AC0E03CBA1F25E526234B5D1FBC51CC2461F886C5A7A11C94E616BDB706C7A2B9DA29D7D99E8F82786A17811609440743083F9BA6313F66DC2988D3969C2A2A67EE24A53D9387D343EA16B04607F54A736EDB2729C97B1AF1C1F54725A8F629874CE73A9317AA805B464B1364B1F31654B27B14C6448E11E2940E65F42E6BDA4FA58AED172C7DBA27C1B80548B3E45EC8DEB637E848F8AE9DE4BC6B6C57A7650931161EED4B8722A057628F6D51869E032BC6EE27BADFEA54D00F6CEB1D48B2760A28E08ED605E7573BA94BD0154FA7C4658839F51D987728DA01B7E547830188C85F212F71D4976B75A49181CC02DB261ADCAFD539310543944622BD8B401E76B28A59FC5DC8DC6BE2A44B1824269F1CA356B9AEB6C1E3F74DA1C9902AA0113EED0434F2E898CAA67BCCB29747514C1A47CD19BFAEA99961309BEECFC2A1B1AF5F289730E6BF8B1ACA8103A4706305DC5382E48005C953A00CA78F31D5E77B28B0E1E6FF44B932F05FB1996999046C89A2EF71BB8F32955355EED4CE8DA2F296E50D1B0D2D7292E7C8F94E4B66F99DBE5F01E2BC9A9AC19E2B4E114BA33E526FC9434383CB4D276F4F23A3701B83BF9F556F4F894913C32A5990FF98D1DDF51C959C1006C60597B2D2B64659CD041F04F6D0DB1E864CE37FA278ECAB692292927111D633F0F8782B171B34EA98D0A4276B3D94B6B2CD014580679C952736BB2005A08B82BD2BC090420CB764D994E6B839A084CCF187B4E89AA798B6EC76A025F229339A6DCCB90529A43C5C15EEFBA4106DE3BCD4BCA2CBC3F185EB4DC250224F1E47E7B6DA83D13B342C920CFA6ADD4754EDBC5312479C803468E5D4A5BB021471B29EF60E79E5CD78F6CD29D4646FDD5908C0840CB940E482C048491497485726FC8C454ED8A30D0352955001958D09F1ACA3C05D30EEF559F009C9883EC16B2502085E0E68CDC8593405581DC6DAA6E575C6509324B95A76BA446C71EF3F445004232975F7B275A3BA136F7002C3652182CC0803D49E7AFDD39947FF14C38D9F61A240166C472FB283235CC738B797AA9CFD00209BF9A664D336BD7F09500D51CD98653BA977E77554DEECE6DA2B36A181E13DE5E30F79C17A77F44DB49ED8A0074BAC525AD2ECA796F65E1E69C8758DA8016E176EA9906E6FC87FE93CEF87D5327E13E48407B19D5EEE5B28F11CD2BDC9C6E94AE3E69BA61DD29407C9EE148B88D9A917DEC97C8288750F27529501EB09925BBB53C8744B74A6E40E5D1269C77DC93FE2DB920076305CEBEEA5DC0E61310FF00C4B725E4B2164AE68D878949E443FFD9, 3, 2),
	('130203', 'ok', '1996-01-10', b'0', '叶晓晴', _binary 0xFFD8FFE000104A46494600010100000100010000FFDB004300080606070605080707070909080A0C140D0C0B0B0C1912130F141D1A1F1E1D1A1C1C20242E2720222C231C1C2837292C30313434341F27393D38323C2E333432FFDB0043010909090C0B0C180D0D1832211C213232323232323232323232323232323232323232323232323232323232323232323232323232323232323232323232323232FFC000110800DC009203012200021101031101FFC4001C0000000701010000000000000000000000010203040506070008FFC40044100001030204030507020403040B0000000100020304110512213106134107225161711432528191A1B1234215C1D1F03343720854629316172453638292A2D2E1F1FFC4001A010002030101000000000000000000000000010203040506FFC400251100020202030002020203000000000000000102110321041231415113320514225261FFDA000C03010002110311003F008DE532DEEFE5088997F77EE94B2EB2EE980272D9F08FA95DCA67C3F7294B21B2004B94CF87EE501899F0FDCA55020048C4CF87EE577299F0FDD2B6416F14A804B94CDB2FDCA0E532FEE8FA94A9DD06A90091859F07DCA03130FED1F529541640097299F08FBAEE5336CBF94A10813184E5307EDFCA2F299F0FDCA55177450099859F0FDCA29899F0FDD2C8A9004F9BBFF51FEAB90EAB94297D058F8043642108BAB440597590D90DAC800B6404235AE9B55D6C148C7992468736C72DF5D54673505DA40936E90B8EF3F237575AF61BA8BC4F153497869E133545ED6B775A7CCAB336BE8E99AF690D6EEC71EBA5BAAAE6218853D154BB94C05A6EEBF5BDEC4AE54F9F396A2A8D4B0C57A33A6A9C6258F9AF1065DF2F2F61E3BA7427AECBEE40E23ADC80546FF1BC8E263B358E373A5F29F11E5D7EA9CC75A5D29CA6D233768D439A7C3FBEA3CD51FD9CDFEC59D21F42EDAF9D9308EA29B28D8961B969F3053E63E395B998E0E1E213033098E5758B8B008DEE1A7FA4F97E0A62E90C328A8858E27F7464FBD6DC7FAADB1EAADC7CDC91FDF6465822FC27AC81309669F91155D2C91BE32D0E2C79B661EBD0A734B59056465D13B51EF30EEDF55D0C3C9865D2F4CD3C6E3E8A908B64A591485A2C8054047546B2028185B2E5D62B946807E02365436421AA620B65D6470D4397FF00D40101C4B8C9C1A81A62B1AA98E5881E9E2E3E8AA54F52F7D14CF9E432D44C6EE73F73A6E9A71262BFC571D9658CDE08BF4A2F30373F33AA4984FB3B5E1D7CA7ECB8FC9CAF24EBE11AF1C3AA265F8A4AF2EBBC96C83AEFB5C24E7AA748E01C77D7E7B1FE4A2239496653B8D01FC272D7BDEC048D45B5F30B3513176C8237EBEEEC5388EB796E6B86AF80E973BB0F4FEFCD348A074B2D88363A7F45250E0F52EB11197696D12748924DF82CCC45BA34DF2875BE4763F907CC2732D64729CFFBA4B079DBBC363F34CDD844EC65DCC76ADB8077FEF444F639B335B94F786970A3687D59354CF8FD91F13B2D9D72D1E0E3E1F955BAF90E1D56C9E9E492395A771A8F43E4ACB2D03E3819300430305891A12A998C38F39DE04EC1383DDA09AA2F985E20CC4E823A968009D1EDF85C3709E74545E0FC4441881A591FFA738B341E8FE8AF65773064FC90B7E987247ACA8211D514A3DB4416BAB88045C8D94AE4864AE40B8352D91086262110D519C455068F87ABA604B5DCA2C691E274FE6A6B2792AEF1C3B97C2D38F8E463469BEAA391D41B1C7D464DB6DB052343794F2CF551C05DFB2B1605412CF33728DC800FF7BAE149D237C5393A2770DE1092B186436603D6FB1F30AD187F023668832578639DD6CAD3C338018206BE600BEDA5F5B2B9D3D0C41A3F4C5FC42C6F2B66AFC714656CECFA6A69C0B6617B823A8575C378569994CD6CACB3875D88F256714C735868D09D3631E5745B7E8525E15F7F0DE1EE8F2BA269D0F455CC4F85A9630D744C68B11940DF75A218DBE0145D75387036D0F42145E892D99AF103A9A870B14AD0DEEB434DC68B20C5DCCF6A3A774ECB58E31A27E47070DEF6F072C87118A464A5A41B0DAEAEC0CAB3468670CA609D93C6E3998E0EFA2D6A3709236BFA39A08F9AC85AC2F36603776961E6B5DA688C34B1446F7631AD37F20BB1C1BD9833FC06B20B235AC82CB799C2AE46CAB9442CB064F2439139E5A308D3B10D796AA1DA35D9C3918CA0833B6E4F4D0ABD72D53FB47A5965E1B6BE3617362983DF6E82C45D559E496376598E372546474ED2F9834037256C9C0D81810B27781A6CB27C229A49EB98D636E6FB597A0B8628A4A5A18D8F690401A2F3FC87AA3ABC78FC968A6608D82C3452D4EE19428E89A4B4689DC6D216545F21EDD0DD20D7688F9B452EC4283B9FA26131CD74E9C6E374DA461BA4DD8D68ADE3D42CABA47B1ED045BE8B07E29C38D2CEE205DA09DBA2F46D5C39A321647C75814D9249A366669D4D94F14BACB6191768995D1B836B60738E8246927E6B5E2352566BC3185B310E27A3A59DC6380CC398FF0085A3AFE169AF167385C1D48D177B8325FE48E5678BD312B04528E42290B799C2AE4375CA1432EBCAD508874D93BE5804A1C812B10D4443C14763385FF13A07D2DEDCCEEDFC01D0A9CC80A0C801BF82CFCA877C5245DC79F4CAA4665D9C60AC8311C4054343A481FCB171B104FF0045A8B9F241183052BE7793A31B61F5276559C1E80E1DC47888B776A1DCC046C6E55B5EF741187DBBBE4BCE4E5DA5D8ED461D550D9B8C62D4CDBCF81C8E8FC62766213CA6E22A69ECD732485FF0C8DB2ACCFC7589DAB9F87E12DF66A261749355BCB735BA35A35F994382719CB8D4D2C588E194C1ACB66A8A49798D6DCD866B80402763B297575645B49D32F514E246DDA6F74A9700DBA8AA72239B236E027552E70669E0A17A1B5B1B6218F5361CDB163E590ECC60BDD47B312E20C43BD4F86C704676333EC7E8BABEB3F87C0E923A6E7D4863A46B078345CFA2A8E1DC67C4B8BD54ADA4930EB471BA511063C02D045BBC7C7A1B74538C5B562934B45E19FC51A40AA640E077C84DD34C528993D2C8D7341041486098DD5E2D4C1D53472D3CC0D9CD70B827C41525580B69DC5DE054192327E17C063657E2D59A6685A725BA5C9524E6DAEA6E8A899876115B50ECBCCAAB3401EAA2DECDD777F8CDC252FF00A7339BA9288D0B6C88764BBC24885D331045C86CB920B347E56BB21E5DBA278582E5708C154D921A0890F2AFA5B74EB963C10F2F51A6A8B02A11CEF9AAA96ADC00CF9E2765DB30247F256EA5B4D10076B2C3E0E29AEA0E30AAC25D235D40EC4A4CAD70D6325E763EAB64C327BB5ABCD668384DA3BB8A6B24078EC2A07878744D39859DA6E3C0A429387E828E2922A7A5646C92D9C37A81B0F45371D9CC081F958092547E0068D81AC3181AD8009CC9182E6B4A4627892501BB5D3A9ECC209F04979627F4329685865E60033DAD7EB64DA9F05A4A6739D152431976AE2C6DAFEAA498E0F17BEA12AD70F14263D8CC53B611A003D1456313114B206FBC46503CCE8A5EA641ADB659FF001FE333615823A6A67E49CCAC6B1D6BD8DFC0A2ADD21BA4AD8DB14A871E20870A63EF151D335CF17FF31FE3F203EA8AF65955381AA27C4713C42AEAA57CB34A017BDDB92AE72317A4E1C5430A471391272C8D91CF6241EDB27CF66E9B3DAB5948DD72532AE4866AA5BDE28C189631F78A3062CAE44E86F91088EEE1EA9C645D96DAF54BB0E8F27E37396F1557CEC3AB6B247B6DE4F256F3C3F5E2A28A0A869BB2560783EA179FF1A37C6EB4FF00E3BFF2569BD99636DA9C24E1D23FF5A94F7013BB09D3E8745C7E546ED9D2E34A9D1AEC75AD6B2E5C99CD5AEA994065CC60EBE69B188D44160E21474F8ED360F2B61AD6BE263B412E5BB3E67A2C3B66E48B1D1D5C06A7BAE171B8F04EAAEAE100073C01D6EA085661D311FAB91E7A9691F74A97504443A6A961F0B9254937E09C1DDD0E9F50D7BB994EEBB46E7C5199888208BEAA32BB8870FC3E16805F23DFDD8D91B0973CF8008D4D13E76B6A1F1989CE172C3B8F22934143C9AA0B964DDAC5700DC3E8811773CCAE1E4341F92B5199ED634924003A95E7BE2EC6C639C53354B1D9A063C45179B475F99BAB7046E7667CF2A8D166ECE07EBD4B4DEF941FA80AFAF6782A3F676DBE213906F9A167E1685233C97A4C1A8238D97F622E4658268F6F92929589ACACF257A2031C85725B285C81D9AD1659C5706A55CCEF9D108605CEEC5D4279515E3F4DC7FE12972DEEA091BFA4FF004285203C7F8FDCE39597001E6BAF6D35B952FD9E61B8B621C510BB0B6D843DE9DEEF75AC3B83EBD02713F0BE21C53C7F5D86E171E86773A495C0E48597F79C7F03AADFB84783F0FE11C19B434633BCF7E79DC3BD2BEDB9F01E03A2C99BF668D30F10CE8E52DEE9F44A565245594EE648C6B81D2CE17053305D1CAF27E237FAA92A670902E57C9D34DAD90D494EDA494C4F395A5D7CB20CED77A1E9E8A424744C8DE1A69A17137CED8AE47A5D483B0E6CDBD90B7096021D7B91E2A49B26E707EA21A8681AEAB7543B3BF31BE793727C87ED1E8A5A5EEB49D938303611E698D4CBFB46E959094BB321B8A309C5F16E18AF8F0823DA321EE8F79E3F735BE642F37B098EA32B81696BF5074217B238799FF60712352FBACCFB5DECC99571CBC4F8153E5AC8BBF594F1B7FC66F5900F8875F11E6B6E1551460CADB9153ECD4135F3B6FA060FAD968F2306AB39ECDC038D4A2E0BB94092DD8DC2D39F1AEDE2D451CF9FA46491DAE98CCCB297959A68984CCD55C99591D94F82E4E7961727633562DEF1439528E6F78A6F5B5B498652BAAABAA61A681A2E6499E1A3EFBAE559A0572DC2070EE11E56598E39DB3D053B9F160544EAB70D3DA2A098E3F50DF788F5B2B0701478D63300E24E209DCE92A01F62A468C91C319FDF97E27789D6DEAA2E54351B25F05E1CA4C0A0A934ED0E9EAE633544A46AF7741E806802956B2ED23C938975D10462EED36D9532DBB65EB451F1083D9F149A222D9FF51BFCD12290C4FB8D94A71741C86C15AD1A4726577FA5DA7E6CA3636891971D573722EB23A38E5DA089186B587AD92CFAE6017BA8574241D108A624EB74BB0FAA1C5457990E58F53E3D121EE31D23CDEC2E968E00DE88908F6AC6292880EEB9FCC7FF00A5BA9FBD9249B74295245C70A80C141131C2CECBDEF5DD3D2818DCAD011974E2A951CE6EDD99CD5704B703E2A9B17C3DAD6D055DB3C2D1610BF5BD87C274F429E48CD2EAF2E687B4B5C0107420F559E715624EE18AF6FB6D1C8EC3A73686AA139B29F85CD3D7C3C42DD873A4BAC8CF920FD41256265346374E29313A0C523CF45551CC2DAB41EF0F51BA099B716B2D9176676A88ECADFF008BE8B92D942E4EC0AF635DB562B58D2CC1E8A2A0611FE2CA79B27CBF68FA159E57E258863355ED188D64F57293A3A67977D06C3E4996C06BF453DC1DC1F88F1763429A8DEF8A99843AA6A08BB226FF00371E81721C8D89162ECDB818F14E23EDB5AC2308A57F7FA73DE35C83CBC7E9D57A20343181AD01AD68B0005801E49AE1986D2E1186C187D14422A781A1AC68FC9F1277253B3B28B2622F05CEB7D528D6868B040DD013D4A6F1625452E25361D1D5C2FAC858249606BAEE6349B024744806DC4147EDD82D5C16EF3A3397D46A3F0A8F824CF7C018FDC05A4C963661DCDECA90CA114988CF181602436F4593931DA66BE3CB4D0B72AFD170611D344F991DED608FCA1A68B3D17F623E4696C45D643C254A65C4EB7107EB900819E57D5DFC93A9A3BB0EDA0EAA5702A514B86462D67484C8EF53FF00D595B823732ACD3A8324D72E456BD8F2E0D735C5A6CEB1BD8F9F82DE620C9A6278652631874D415D08969E66D9CD3B8F020F423A14ED726079C38AF862BB83B171197BDD03EEEA6A96E9987869B3875086838D2BE0686558154C1D5DA3FEBD7E6B7DC7304A2E20C2A5C3EBE3CF13C5C387BCC774734F42179D789F85F10E15C4CD25637344EB986A1A3BB2B7CBC0F88E8A509CA1E32128A7E962FF00A6F41FEEB3FF00ED5CA837FEEEB95BFD8C857F8A232C266C35B88539C5854BA8337EB0A620496F2BE8BD0BC33C73D9ED061F161D85E2305044CFF2EA18E8C92772E7386A7CEEBCCE7DC012F1BF99058EB6DC2A0B533D78DE25C05F1195B8DE1A596BE6F6A65BF2ABD8F76A9C2581C2E27148EBA7B7760A23CD71F52341F32BCBEFA784EA626DFD024CC2D1B0B0F24A876683C4BDB6F12E319E0C303308A575C7E89CD311E6F3B7C826DD9A76874FC1551883EBF0E9AB0D7B9AE92A1920E60B5F4EF7BD7249DD51396014396C8A0B3D59C37DA470CF1554B69A8AAA48EAF297082A632C711D6C763F552789D306D50A86905AFD0DBC5799B802A7D8F8E30B90E8D7C8633FF9810BD374F1E689EC23BAFB7C8F8AAB2ABD16E374EC4230952DB0BFD522C395F948B106C425CBC65375859A9893D8D90B221BBC80A76219599760143E1F0F3AB4C9FB631A1F32B3DED6BB40C67872BE9F09C165653C92C5CC966C81CF00EC1B7DBD56AC0A9599F33DD1A363BC4F8270D41CDC6311829411DD638DDEEF468D4AF36F16716BCF1ED7E39C2D595F4D15416BF3B098CB9D940376F51A75555A99AAAB6A9F5559512D454486EF96579738FCCAE6837D56A28B345C1FB7DC7E85A23C528A9B1168FDF6E4C9F32343F456CA7FF685C15F1833E0788C6FF063D8E1F5B8588B991BDBDE6823CC5D27ECF0DACD047A1BA0566F23B7FC05E40660F8A1F5E58FE6A231FED7E831FA092824E15E7D33F635352039A7E219468479158EB626C5DEE60DED6B58A7CC7D9974058E7983CFEAB935E68F25C82247BB48C2344FE5CB6E8E1709FD0D2453D282F635CF7499417388034F24F4E1513BB8228F334070D5D7FA5D0488722C4828AE53ECC3A1922CE238B4B8F79DE36F1F150F5B1B23A92D8C656E569B5EF6B8400D1C1011A5D188B92BBA2007985CC69712A4A906C629D8FBFA382F59D01E6E1F14ADD6E2E3D1790E0D6ED5EACE05AAF6FE06C26A09BB9D000E3E60907F0A1244A2C775919128906CEDFD524C6BA6788D82EE2A4AA199A92406D99A09091C29823A4F6A9059D20EEFA2CB2C773A34A9D407404186519739D668D493BB8AF32F68D89BF15E37AE9DE6FCBB4607801D17A1B1390CAC74D310D8616BA4B740005E58C46A8D6E2155567FCE95CF1E84E9F65AA2BEBC33C98CC6A51C01640D08C468A6402EE840D6E76083A6891AB9B951641EF140849CF3354EF76B74D3A94E6697245BEA9B52B32B421AA372D0800BCE77885C8B97D172009AC3AA236402373C35E1E5C2E6D7B8B6FE2A49B536BE6E6B5D6B6E1561DFE1A5A9AB2A208C36395C1B6D8EA3EE8193D0D4E40E0ECC186E731B00144D648C96A8961BB400DBDAD7B04C6A66966918F924739C0E973B255C76F4401C46AB8EC8A49BEEB89400319B4817A37B18AFF6BE0775338F7A92A9F1DBC1AEB387E4AF37B7DE5AC76418955D2458B3219B2B5CE89C41683AEA3A849F835E9BCBD82C2E343DD3E85251B2D186DAC1A2C078055A38DE216B73C7FCB6FF0044518E623AFEB8DFFEEDBFD141227636ED3B14FE0FC0F5AE63B2CB50053B2DE2EDFED75E6C3A0B05A9F6B989D655526190CD3668F9AF7650D005EDE41650E71CFBA9C4848506810DF449E63E2846AE1EA98817B9B1479CEE468A3CDE590BDDF21E09C5492E91B724EB744FDA8014892339BCA12D19363E89BBF590A040DCF885CB5FFF00AA9C0FFDEF12FF009ACFFE0B9033FFD9, 3, 2),
	('130204', 'ok', '1996-01-11', b'0', '李群英', _binary 0xFFD8FFE000104A46494600010100000100010000FFDB004300080606070605080707070909080A0C140D0C0B0B0C1912130F141D1A1F1E1D1A1C1C20242E2720222C231C1C2837292C30313434341F27393D38323C2E333432FFDB0043010909090C0B0C180D0D1832211C213232323232323232323232323232323232323232323232323232323232323232323232323232323232323232323232323232FFC000110800DC009A03012200021101031101FFC4001C0000000701010000000000000000000000000103040506070208FFC400401000020103020403040901060505000000010203000411052106123141225161137181910714324252A1B1C1D1152324335354F0346272D2E12543929394FFC4001A010002030101000000000000000000000000020103050406FFC4002A11000202010402020103050100000000000001021103041221310541225161328191132333424371FFDA000C03010002110311003F007B676525E332A328E50092DEB4EFFA2CFC9CC25888C13DF7C7C29941712DAB9785B048C1DB3EB4B0D46EF24FB4EA304636F957A7C8B36EF835479C83C55F24EC71FD0EE7202BC64F5EFD28BFA34D807DB43B8CE0939F9520750BA3D65277CF4146352BB53B483A631C82976EA7ED13BB4FF4C67EEA19A3C50C5759CC176A1E94318AE5DD5064B01EFA8B268EBA50A4D6E226190EB8F7D34975AD3A1CFB4BC8171B1CB8A5738AED8CA127D21FD0A6706ABA7DD3620BDB790FE1120CD3BA95252E81C5C7B40A1428EA450A81A3A1401CD11DEBAAE4E28242345433479F754122B428A8EA4460A147455200A04E0124E00A19AA1F15F138667B2B493FB25DA475FBC7C87A5539F3C70C7748BB06096696D4486B7C651591686CC24920EB237D91EEF3AA3DE6BF7D7B31926B876CEE00D80F70A8A9A6695B2C76F2A4F9ABCFE6D5E4CAF97C1BB874D8F12E1723D9B52BC91391AE242A4E794B1C535F68FCD86EB5C06F166BA66C91E95CCE4DF65E925D1D8971D94FC2A5F4ED7B50B03FDD6EE40BDE373CCBF235044D05620FAD4C6728BB8BA09454954959A8691C716B74561D4505B4A76120DD1BF8AB62B0600A9041DC11DEB0B4939C60FCEAC9C3BC4D3E912AC139692CCFDC27253D57F8AD4D379177B72FF266EA3409ADD8BF8351A2CD2704F1DCC09342E1E3719561DC5295B09A6AD192D53A60AE48CD7545401CF2D0E5147478A826CEE850A3A6102A147495C4F1DB5BCB3CA711C6A598F9014374AD8256E8ADF17EB86CEDC585B3E2E261E3653BAA7F26B35BB75E6E4539C753FB53BD4F549350BF9AED810D237847E11D87C0546B027DE7735E67559DE6C8DFAF47A4D3615871A8FBF62277343F4A5393AFA570462B98BC2CE051668C8DA828C91EFA002A14A72751E55C15C1A09685233E2A718EC49C76F4A6F1AD3941CC306802D1C21AF3D85C8B2B86FEEF2360127EC1F3F7568FD6B135273CC3ED2F5F515A7F0B6ABFD474B5591B3343E06F51D8FF00BF2AD8F1DA87FE297EC65790D3FF00D63FB93B42850AD53282A14285048A51D151D3080AAA71EEA06D7435B65387B97E538FC2373FB55AEB33E3FBAF6DAF456C0F86084647AB6E7F2C5726BB26CC0EBDF075E861BF32FC7255D10B1CF96E6BA54CE4D2B1AE20CE3A9A51500551DF15E6D1E846C233927E3FC570D06E3C8548040001E67F214A4107B5906DB640FF007F9D0FA192B74433C454FC2B948C92C2A6EEACC23118E9914DA280738F526A10354C44424F6DE919E2E57C8E8466A705B8C0381B9C537BAB6195DAA1763C97046411EF83E54BF210BCDE4706978A201FE38AEA441CECBE6BF9D3958830E46593191F7BDD561E13BB369AC2C24F826F0FF15071A878803D7045776D23C12C5229C346C083EE356629EC9A92F457921BE0E3F66BDDA8E92B6984F6B14CBB8740DF95295E9D3B5679A6A9D028668A8B34050B8A3A21474E560AC6F88EE7EB5C517F267C2242A3DC3C3FB56C4EDC88CC7EE827E5587C999355939BED339CFBF3595E525F08C4D4F191F94A43B543CA887EE8DE88E7DA377C1A5603CCD31CF4E9F3A5ACAC26BA9098D0B007722B12CDBDADD24201BC670078463E3535A45A06604EF81CC69FD9704DD346B231276CF201B9353761672E943D9CBA4CAEA70199BA9029652BE117E3C4E2EE452F527E696720747229A5AAF34A147AD6AB170DE83ACC4E8B04F6F2337313DC1F8D48D87D1C68967224B99A561F8DB63F2A14B826586DDD99446A44530653CC986F7521791B08F9B94EC2B6B9F42D1AC5E497EA11BBB8C365739F8542DC430CE1D22D0A26E718DF1D3DD50A43BC4A8C8374E5DB7CE6BA60582BE3BE2B553C196F7E565B9D3FEAEF8DC23601A86D7384A28A2E5B489E3E4DF04E7987BE9B7957F41FA33E070C00E85BF9AEC0F111E6284B198C731E88727FDFC6B98CEF131EDFCD3A673B5468BC2775F59D062527262631FC3A8FD6A70D54B815F105EC1DD5D5BF51FB55B4D7A4D24B7618B3CEEAA3B7349054314542AF2917A1DE8A8E9CAC6FA8372E9D71EA847CF6AC5AE1BFF559D87F9AC7F3AD9355CFF4E971D76C7CC562F75FF1930EFCE7F5AC6F28F989B1E2D70CB0E8D625C5C990748BDA2FCEB44D034686DB4D5764192DCC49AA9E9A9FDCE0600665B65CFBC91FC5697A6C6ADA6C4B81865CD6149D9E971C1219CDAC4D15D259E996A92CE7ABC8D8441EB8DCFBAA034FFA41D56F3568EC66D3EC644697D9809295933CDCBD0E7B9E9E5BF6AB8AE8F1BCA24C32B0E8C87045087862C2DF543A9456E05E1CE66C0CE4F53EFF005A2155C8648C9BF8B1D5A3C13289523287BA918208EA0D4BC3E2506990B758237233CD2373124E77A776AF84C542EC67D08DCC6ACD9619C552F88F8CE7D0A48E3B1D3E398C8A5834AFC80A860B91E7B9FDEAF7246255653F78119155CD4F856CB574486FE069638CE50F36EBEEA9557C8B24DAA432D378C6EE6B6827BFD3D2382666432C2FCC237525486F4C8EA0E2A7DD22BB43B0656148C3C3F6905B436F1AB7B084612327C2A3DC29FC30A40A554002A25DF04C57C79ECC4B8CB484D29AE963CF212807C6AAF181F5788F7C1DEB4DFA5589174C8E503C6D2804FB81ACC21CB59A1F2F2F79FE6ADC6F8393511A9705C782C95BFBD047545AB993547E10900D5668F3BB42187C2AED9AF47A077851E735CBFBCC19A19A1436AEB3905E8EB9CEF5D66AC2A11B88CCB0B22F538FD6B13D54E356BBC1FF00DE6C11EF35B83B722963B0033583DD4864B99242776627F3AC7F295F135BC65FC8D0386D96E786ACA507C70CA617F76723F5AD43475FEE3083D428158FF02EAD61690DCD9EA33882372248DDBEC86C60FED5B06892A49631346C19481823A1AC192E4F518A49C1327A1418A584629184ED4E09C2D4A43486776C1476A16E0FB3CD30B99D3EB0EF3BF2471F5D8D3EB6BCB678432B2B21FBC0D276C9AA4398882483D6953183BE2A2CDE4323992DA64902372B0539C1F2A9546CA834D17E8568211D25320069CE7029B4CDB1352D128CDBE91E13776F6D6CA325A5CFC8565108E48991BB330FCEB55E30D634BB4D5D16FEE7D9B471F3220524B64FA7BAB269AF639269648810B24A59479026A71DD9CFA9DB4B9E4B3F09F8B582D9DC4391F3ABE74C5677C37308358B404F866568FE246DF98AD0D4E40AF43E3DDE23CDF905597F60E850A15DE700BD1D720D0E94E5633D6AE7EA9A2DECFF008216C7BC8C0FD6B0F7EA6B59E38B83070D3A74F6D2247F0CE4FE95936ECDCA3B9AC3F273BCAA3F48DBF1B0AC4E5F6C723C3147E78E95B57D1E6A02EB87E28CB65E12636F874FCB158BCB8DBD01156CFA3FD7069BAD8B595F10DDA8193D9FB7CFA7CAB2E6B835B4F2DB3A37785B614E8B8E4A8DB794328DE969646119283988ED5559DCCE6782395831D9C74607068476D0785B00B79F9D56AF356D4CBB2C502211D8B649A49351D540622DE5CE0632700FF151474434F392ECB825B441F9C8C9A76A76AA95AEB1A9467FB6B4E64FFAB7A9BB5BC92620B42F183D3988FDA8E8A7263941F249B36D4CAEA5E58C9A59DF037AA671F711AE8BA0CC63602E261ECE21EA7BFC06F4DD88DD2B6635C69A9FF55E29BD995B31A3FB243E8BB7EB9A86B719C9EC013493649DCE49EF4BC3B2E3CC8156AE119ADB94AC9BB593D95D69EE36E59937AD490EC3C8EF9AC99C930075072A723E15A9D94C2E2CE0980C0923561F100D6B78C97EA466F928FE9639A2A02856A9942D47DB145474E56517E91AEB11D8DA83DDA423F21FBD50A1500976E82AD3C772FB7E23F67CDE1861453EF3BFEE2AB591D3B0DFDF5E6F593DD9E4CF45A486DC114148DB807AE326B9463942362075149BB124B1EF4AD9C12DD5D436F0A96925608A3CC9D87EB5CC5E6CBC07C52FAB69C22B90DF598308CE46CFE473E7E62AF6B2074EB54D934D8B40BAD07478131098E5CB0FBEE00249F5A9F8E492DB01B75F3AA26A9D1A18E4E50563C96CD672180018742280B4BB04619703A6D4AC132B60834F44831D695365CB24A3C26365B5390D2EEC2960028F7574F20C75A61737649F6716EC7CAA1BBEC572727C877976235206E7B0158471DDE6A37BC40ED791B25B8045A8FBA501C123D73D6B715B52B1B492789C8F9554B59E1A3AEF023B471F35DDBCF24B09EE70C415F88FCF15663E594E7FD261EC3C5F0A56327941A13C651C820823CEBA8C652AD671C5724840FCF0489F8466B42E13B91368102139687311F81DBF2ACE2C9B9A564FC4A6AEBC1930315C45BF557F98FF00C1AEEF1F2AC95F6726BE3BB15FD16DA1433B50ADC3105B3DEB892558D727AFFBDE91334F2ED0C3C83F1CA31F25EA7E38A85E269BFA6E83752C93BBCB20F6718E832DEEF219A5C9936C5CBE89C78B74945FB33DD62F8DF6AB75725B2B2484838C647418F80A8DE6E627B0FD05048E5B87E58D1DCF9019353BA7708DE5EB0FAC4AB6D112013CA646DFD07F35E65DC9B6FD9E9384B6A2BCCDCCDE95AC7D19F06B46D1EBDA844558FF00C2C6C3A0C7DB3FB7CE8F49FA34D21AE61499751B8C9CB48E046807BBAFA56B11C0A802AA80146001D853C63F64111C4961ED22D3F515C13653F33FA2329527F314E238D658F0706A6E2862B885EDE640D1B82A41EE0D41C50CBA5DD9B2B8C903789CFDE5EDF1AE7CF169EE3B74F24E3B7D8849672C4D985C8F4ED441F50E8029A99E50C2808C55345F646C56F7328FED64C0F25A7905A244365DE9C84A123A428598EC28A22C8FD56E059D8BB81CD21F0C6BF898EC054858697FD3F40B6B67DDD50073E67A9FCF351DA4DAC9ADEB22EE407EAB6C7C00F42DE7F0AB4DE0057957A0AE8C11FF0066736A25550461DF489C0EB0DA4DAC59464188E67451F77F156524722633B13B1AF5ACF6CB247246E81A375208236E95896BDC3D616CEBCFA642BCEE47309180047A03D76356CA273D99FE9ADCD7B18F7FE86AC7C1F73C9AAC96F9F13A10BEA54E47E59A38786512E9658650ACA09E507236FCE93B6E1FD674CD421D423B479E0570FCF10E6DBBE4751D4D3E06E19132ACD1DF8DA345460C323A1A3A6D68EA50A8E9F687B8D38C1AF449DAB3CFB54C93834ABB9173ECC46B9EAFB77F2A86E23E1DB7BB8C7D719A4484655412ABCC48DCF9EC6BAB9D5EE668CB192F1B970704F2E77AA9EB5AACBCF2069E743CA7983EE4FD91E758B9B553C8A9F46DE2D2E3C4ED7619B6B785658E15588239CF290A31B8F8D5B7458239442A4A3A9FC273D013FAD64D35D23CCE4B310589FB39EFEA6ACDC39797314AAF6B3B46B8F1608C2E02F62463AFBAB953E4E836CB7411B151F748F7F7A9354046DBF7CD66E353BC309326A27C593B38DC818EC0D5E785B504D4F4489C38678898A5233D474EBE6314C492280AB669CDD58C7A95A7236D2AEE8FDC1A1ECBBD2F01E534349F0C149A768AFC45E3630CABCB221C114E062A62FF004D5BC4F689859946CDE7E86AB33DCBDACA619D4A483B1AE49C1C1FE0EE84D64FFD1EB385A8CB959B50B94B483397EA7C879D2D0BC979208E10598F955A34BD263B142EDE295BED31A218F7BFC064C8B1AFC876363169D62904630145031F3E734F5D726B908057625470376ED91B7605BDACB29C72C68CC7E0335887116B7EDCF25B4639DBC60B302A0E063DFD0FCEB65E2EB9FAA70D5F4884095A3F669FF536C3F5AC1AF34A9A411B5C49290A839B2B8C6EBF888ED9F3A5649150EB37305EC91F32C81F607A9C11D88CEDBD5B78735FB9B7E54CA10A836603CDFD7359D49098AFB9164CA46C33CE429F967F4AB1E916D1C9280E0E1D4EE072F7DB19DCFDAEC2953761E8D21754B7BB453736103B93CB956C36DEB5C7B5D37FD0CBFF00E8151D6BA6C6D0B158A562198283CC73BFAAFAD77FD217FD1CBF23FC55F1C938AA4CAE58E1276D162B9E1ABC86D9CC4438E53F78FEC7F6AA3F146853AB484DBB11C8D9018B01D7F12FA0EF5B2C8E1629319C729FD2AB1AF941ED7AF31461D7D0FF0034AD0E601756452563EC4E3ED13CA7D3B826A5342B55FAEC3CD2C6B196F107FC3E1EFDFE1566D563864798491838C6067BE066A4345E1889AE14DBDC4D10EA543150375F2F7D57B7903BB6D3A296D11D6E252B93B221C60E3EF3633535C1D776FA46AC6D44A9ECAED821FED8378F27976031E9D6A674FE19B28903481E5607EF92DE5E64D38BED3EDA245F6712A907209EC7077A7A02D65722894618537D3AEC5ED84538232461B7E8475A79C9B67B5003A88E467B5417112585F46B04A8ED229DA48F629F1FDABABBD6635BAFA8C273201E323EE74C0F79CFC28ED9239A10E54E0EFD2A1ABE094DC5DA0F40FA8DAC5EC23564933B993AB7C6A7C9C0CF51558BD963B75E60AC41EE0557EF78FA4D1A511ADACB72BBE72E0600C67CFB1CD095036DBB6686CEB493483B541E89C55A6F10C41AD64E49B193049B381E78EE3D454A893C783B54D9040F145B1D485B59990A27B4F68D8CEF8E9D08AAAEA1C39636F65911B3372904F2824EC4F97A55B6F5C36A8727A6D4C3558D9ECDB93623A11E79614224C4AF343FEFF70D13955E6242F4C75F4FD2ACDC37616D657684AABBB28624F704737C7A2D213448B2C864924196FB2DE5FEC1A7564E15E1CB1F0AE1401DD4E71F1DA952E48350B348844795546E0EC3D3FF0014BF30AAE2EBF6D6B1C7187F68EE395429CE77FCFE1497F5FB9FF207FF0011FF00753123A875F701A376498E33E16E638CE3A6037E46ABFAE71358B472BB48CB988F84919DF97B1C1F3A6F7DA94B2A60BA4848242C8818838DB7EBD455235BD5504CEA44AA11C2809392A7193D181F4A1BA207F1EAB6973395F6E0072727B75DBB9C7C6AF7C3E8C39091CA98271F15FE2B118EE217913760DCC3FC403CFB32EE3E58ABE70D6A1A846AC20966F66A802830961BF31EAA707A52C5926C50E0479240193BD456B9A95ADB5BB33CEA00524FEDBF4AAF1BEBEFABA7D61E652C5B2582C606E7A9624FCAA0357B9B62F99273CC08FB086466DFF13EC3E0299B02E1F47DC476DAB5E5F69D1B10B1113A93D0824838FCA96E3BFA42B5D12E1B45B0726F7947B695464419C6D9FC5839F4F7D62126B57161A81BBB39AF229B981594DC1571E1FF00946299C37E64BA96631C86590F3337D61C924B0C9F32692C2CD6F85F5AD3C5C1324E4162B82FD4F857F5CD5CA2E24B05B74513027182063A8F8D641C3D7AAF2C7CE2E36753FE39E9C8993B8AB7DAEA482392343333024F2FD63C4064F4F0D3202DB77AF593C099605093D194F6C9EF59DF11EB967958E38F9DB243107271C9D36CF715277D7F9B58CAB5E2F36FCA5D1F03949EE3CAA9BAFDF2B6E5EE1A32FB0F6DCA3A3790F4A1B20636FAC3C12A4B0895648F255D558104EF9CE062B64E0DE319EF7458E4D6A195B70A9731C2C436F8DF1D77EE062BCFB05DF25E44F1DB2C841CF2484C81BE06B58D12477B18A57945AC4C43C504F2AA7887880CE73CB93E54898593936BD752DFB0430AB739180D961F0033F9532D46EB5268660CF3AB29C8CC44E4100ED9604F46A4A5B3D496E185C4B3B2F37B40E8FCCAD93EFE99A42F6D49B817133A82C36059472E3CBAEF8CE734E051AFB52D4A39FD9317E652500685B39CE48C63D7CE92B7BEBE9A424B5C49CAC199447CA7D4788FA0ED5D6AB6ED16A22432B49ECF972AB8C161B6719DBCFE1DEA3ACE654BE9252B1389584872C01560D9F52463B77349605AEC3520B1A46CEACEBE038DD76F0F89BAB7BB61521ED26FF576DFFD0BFF006D57F478CDC5C492950252FCE14A13DB3909D4EFE7B55DFD84BFE7DC7CA2FE29D5B01BC57E750B4F6879449164C8A6D1582F71BAF981FEF159FEB62DBDA480C702B2F3124178CB7DD1B10455DB840095B0FB866604798E5A4F892CADE395822100C6A71CC7BBEFDE8ED033355B44670518AE0730652255F9AEE3E5562D0ACB3929229381BA4830363EA37F10A6296F133BBF205750D864F09F98A98D02EA53CE8C55C2E08E7456DF11F98A54811391DAB865E69214564EB24A3209DF3819349DF697E27E479E455C28F6701EE724E4E0548595EDC131012051CA078142F9790A91BAD36D2796532C65FC20F89D8EE0EDDE9E80C9B50B155979441799F0FDAE4071CA2B8B4B146915920B93D0E59D07DE153DAAE9562B28E5B75198D49C13F869BE8FA4D8CF72824B756041CEE7D3D692B9026387EC55A758D6D660728C419501C7B31FC1AB8A69B6FCBE2B4B8277CB091188C1E82A2743D2AC5258C8B58F24A8DC67EE3D5A12C6D446CC2DE3C82C4787FE6A748084BBD3E37B58C8B5BC0D9C000A6E31DF7DEA91ADDB43173E637244808579941EAFE5935AA49A7D99890FD5A2D8EDE1E9557BCB0B536EEFF578C309060818FBCDE5D68680CD34EB09EEAE1122830AE4F5071FCFCCD6A3A469B737B7C970CEB047ECD5563F0900296CFDDF41D2AAFA49C5DC58DB12103157FD1369A3C791FD53F9A58A025E3E1DB8921881BA0C880A05644D803FF4D752F0E4EB02937AE0A90720E3BFA01E7560B4FF00080F53FA52931FEC24F71A70320E27E1EBD8EEC7B39D2550A472B804B6D9EE3D3CF3557B2D3EF229515E7F66ACFCA7942AE339C8DB7EFE75A97132812838FBE3F71FB9AA75B00CF186DC09C003DEC052B48094E12B18A19C83891D8025D867B9FDBCEAEBECA4F33F21550E14503589540DB9738F89AD0B3FF2AFCAA574147FFFD9, 0, 2),
	('130205', 'ok', '1996-01-12', b'0', '何桂财', _binary 0xFFD8FFE000104A46494600010100000100010000FFDB004300080606070605080707070909080A0C140D0C0B0B0C1912130F141D1A1F1E1D1A1C1C20242E2720222C231C1C2837292C30313434341F27393D38323C2E333432FFDB0043010909090C0B0C180D0D1832211C213232323232323232323232323232323232323232323232323232323232323232323232323232323232323232323232323232FFC000110800DC009803012200021101031101FFC4001C0000000701010000000000000000000000000102030405060708FFC4003E100001030204040305060404070000000001000203041105122131064151610713221432718191234252A1B1C13372B2D11562C2E12643637382D2F0FFC4001A010001050100000000000000000000000000010203040605FFC4002411000202020201040301000000000000000001021103041231210513324122516133FFDA000C03010002110311003F00BBB5B6400D2E9DCA11596C6CC85090392045C774BB77457292C0490880D764BB249397A25B008849F828D5B89D250C7E6544EC8DB7B0CC77593AFE3FA5A7A8C9133CC1F89A53279630F93A248639CFE2ACDA12886AB9D54F88CE7C36869C364EAE370A2C7E22D60D1D0447E6542F770AFB265A795FD1D46C85B55CE60F115CFA9679F00645F78B4EAB6584E3D458B439E9E5171BB49D42931EC63C9F16479306487C91696D50B23696B9A08D8A3B745310856D51EE94069B2046A92C045AFBA236B25916E488DADA84B6036825590400FE888BAC502DE89395305A157BFC10D910040B21628168042ACC5B14870CA474D2922C34D1584D236189CF7101AD1727A2E43C5BC41262B56E8A390F90C36681CFBA83633AC50B64FAF81E595229F1AC6A7C4EB5F248F3949F4B7A0550E99DDBE494622E06C09D6F749F6779B7A743B2CE64CCE72B6CD1430A8AA4868BF36FBA2CCE3AA77D95E3EE94E0A3905AED3D545CC9383196CA6CA5D1D7CD49289217B98EECA34903E3790E0424805A0689F0C8D3B43258EFC34756E18E388AA43296BACC9366BB915BA638380239AF3AC5216B8106C7AAE9BC17C58FAB91987D63819080D89C06F6E4576F53739FE33ECE2EDEA70FCE1D1D041D11EFB24B75EB64BCBD1744E750DB858A49BA75CDEE880B6A96C28465D504E0DD0458B411461A4EE9760515AC9B62841A88EB74E6E125DA0D11606338F315F63C2FD999EFCFB91C82E614F0BEB2A1AD60B92B59E22D517E2EC806D1B069DCA87C1F4424A9748E17B0D1677D5333E4FF00868BD2F0AE2BFA4BC37864BE4943E22582DEA03EA15ED07033248DCC985D9BB1DCC2D45140D8E203456F01CAD1D166E5964DF669638E297473FADE01F2584C4E2EDADA6E521BC201F235C5BEEE8ED3B2E977D2D6BA8EF8E3BDB2807749EE4BF63BDB8FE8E698AF08B66A8F31ADCACCB6DB9AA3ADE1495B459DADB96765D72A29D8F000F4806FA287514D1BA9CC61A2C0272CD25F6365860FB4708ABA4743EA02D7E49341592D156C73C4E2C918EB870E4B6D8F609E430BC0B81A1FD960E4618E53F15D5D6CD7E51C8DAC1C7C33D0182D73312C2E0A98DF9B3B45C8EBCD590046EB15E1B4E65C0658C9FE1CD617EE16DFE4B578A7CE0A464F3438CDC423B24EE94423E4A423A1B0DD504B1F34101E42049EC8AFD928824EC8F2FA5258A80351B5925E7440E8521EEB241699C938F23FF899E05FD4C69FC95A709537971BE43A0D9278F295CEC62967630932332E9CC829785550970F6434B7E8F7116D565FD522F9B353E96D704686A38869E8E6F2F239F946A42B7C278970DADFB3121649F85E2CAA6963A0A4607D7575345FCED054D6330AAA796D33E96A0B79B06570F92E3F18D7476AE57D9B28E9DB2B039A4107A20EA360697122C150D162CCA693D9E59DB15B6121CA9DC4B1B8A2CD0472095CED32C6438FE4A3E23B9318C4F16C3689AE1254373741A959F6711D2CD364666B1D890A60A6A299D9EAA9636DF9CAF02C915B85513599E921A7240DE1943BF24FE30AE86DCEFB21E27136AE9DEC16D42E558AD379152F6916B15D27CE3138B5D703A158FE2989A6A592B6DEB1CBAAB3AB719515B6FF0028D9ABF0C45B09ABEBE70FE95BE1EEAC6F8770793C3AE79041926711DC0D16C41E4B65ADFE51319B3FEB201B945A84A3F922D8E8AC15C1F1411A0813C0AB7C51117F825DF440D8A658F197051AA258E28CBDEF0D60DDC79296EE7A28755089DA1840B5D57D9CAF1E294E3F45BD2C31CD9E38E5D3665B8C03D98436B6001EE6DF23B71670B12AAF08C32A22A564859943DA0D9A36EEAF7186795C333C6DBE596E0B6DEE9BEE15AE0B1325A68C10080068B29B5B52CCAE46B7069C35E5C60555070FD2CF49530CD694D40B39CFF79BD2C792B2A0E1F830CA631324D0C8257CD2905E48EFD169E1C3E9DE3D5134A62B6920821718E26B4F5B2A5EE3AA2E282BBAF2645D4E6B7893DA48CD035B958D7B6E3B9010A8A5651713D355868643EECC18D02E3BAB7A2609AA9D237DD1A5FAA6B10B32B039F6B1D2E9BC9D8FE2A83ABC0A2AE82AA27864B0550F4C845CC639652152BB849B8752CA193492553DD9FDAB50E1DACB6786D0C12C2096B9877BB1C5BFA293518453BDBEA7CCEECE9094FF0075A54863C71BB68E5988D255CD48626FDA4BF788E8B2F3D31F2E3A29DAF8E6B9F29C750E3D1760AAA0860CDE5B00588C42389B8F61EF7B5A58C9AE411A594DAD99C5D7D15B630A9AB7D9ABC1295B866134748E70638300B1E6EDCAB817B2A79A3F69AC6CB27366660FC22FA00AE5962D0B4DE9DB8F3A69AAA339EA9A11D6519277CAC3BE88B3258010B0BAEA59C6117D364139A0412D80AB6BAA22DB6C9DD12490028EC711E406DCD4394BBA6CA64B6B6E7550E5D06F7B264D292A6498E4E12525DA22560826C22689C7D773A7C75D545E1E9CB5818771A23A8635F202E7960FC41374A5916272B63787349B8236592DCD67864E3F46D3536D6C63537DF4CDD51BF33547C7B2C7879738D8388693D0734D51D4063012E48AFAB8EA1863780F074CAB9DF65E467E8F1FA5A4AB7C2617F943DD7B98435DF029AA8C5A9312AFF2846F64447BF90E4BF4BAB9C3E96922123646B046793F50144C469699F3B7D2D74405C346812DA14D16056970885FB902D7EA13F3BC5F36A0DADBA838657C6C6794DB06DAD6E89CAA98104829A215588CBE87158B118ACC7A06385DA0EBF35A6C4A6B44E55B414623A17D69635CF909C9986C029B1FEC8E4B94922FA66C4E96064641CAD37B74BE8A53745578746E8E205EE2E7BAD72797656ACD4596B3D3B5FD9C5E7B664BD536BDFCDE3A5D0AB940689405C764796DAF55D1B393424A0960208B12851D3709B7029E364DBEC9964846905828535D5848345026DF6482A204CD04D9403F63501DC958CDBAAEAB692C246EAB6D625931B896B5737B5954CB98EA8BA0F49E4A8B11C6AAE97D11405C49B079D93B455371949D79A915587B6B60CBB1E456324B84A99B6C72534994915563AE93CF632537FC3ADFE5B26E7ACC669DEE9A50E69DED21B13F25694F418ED3031D29259CBD56094EC0B10A997CCAE7DCF3D6E96D16DCE1540C2714ACAA2D3243900FBC0DC15A17D5131D8950E3A6652C0236B6C02855758230754CED959D21BC4A7F3088DBBB8A7E9A16646B48F48E5C95352CC6AAADCF3B37657D00D82D2FA66B4638F94976663D4F6A4F2F18BAA2CA0B594B65828708D375318345D9471243C0FC52F42121A39A5724E1A15904BCA0A08B009D748703DD39CFAA43BF24D1C3125F2A8339BEEA7BC69650A56A415101E14395A08214F91AA0CE2CD2523E87228E47BE9EA4BD97B5D5EE1F89B1EC1720155BE438BBD6C203C666DC6E2F6BFE499F66C92581B2C7EE24F3497F4D969B6B0C5FF0D7478A363FBC1093148DE09B8BACBB68E693DD73BEA9D6E1B3DB52EFAAA948B6A4C995B8A0376B353D951D439F29B38EA792B09291D0B7509A8E0CCECD64B1690D95BEC2C3E311922CAEE11A8430FC23DA303ABC42227CCA597ED5BFF4EC35F96A970588EB75ABD092961464BD460E39DD93E2B6975322EDB2870853631CD7451CF63CDD91FC110D11F34A318A08202E0754100023AA49012F368924DF551D9250DBC050E5629AE51A408B1522B656DAEA8F15AD6D1C399C6EE71CAC6FE277253B1CC5E9B09A732D43AEE3EE460FA9C7FF00B9AC36155551C45C5D87B65D44952C6B58366B730D156D8CEA0ABECB5AF85CE56FA3ADF17E0EDA19B0A6C6D01ADA26C66DD41D7F5593AA872383805D6B8970E9313C1E9EA6219A4A6BE7681A96F3FD2EB0153481ECD965B653E766AB55A70A2AE090B6CE573154D3880BDE40B0B955D152D8901225C3DCF75AE6DD157A2D222D44CEAD9AED166F252D9465B16CA4525006BC0B2BB830D92A9EC86061748F36012A56E908FC79658F876C85C313A4786BBCC6B5C5A798D415CD24AE6F0CF175660152F2699B29F6679FBAD3A86FC397C9773C03876970181F20B3EAA41F6B31E9D0740B8578D184BA9EAA831760B79C5F1B8F706E17675A72C54CE26DC6399B3651341687375BF452983A2E7DC1DC714B2D2C34388BFCB9DA32B5E7672E85148C73439A41075042EF63CB1C8AE267F26394254C70376461A8F4B7747AA92C8A8163B209763BA08B0A1AD01DD44AFC528B0E8B3D5D447083B663A9F80DD60715F10A795859410882E3591E733BE4360B1359884F5733A59A67C8F3BB9E6E5539E74BA2E435E4CE935FE2261D0870A58259DDD5DE86FF007594C478F715ABB885ECA6674886BF52B28E909E69973BBAAB3D89B2DC35A089153593554A649A47CAF3F79EE24ADD784546CABE37A62F17F2A29256FC436C3F55CEB9ADE7853887B071EE18E71B3657985D7E8E047EB6556526FB2D4525491E9FA56E46B99DEEB338F70E3599EAA91978CEAF8C0F77B8EDD96ADADB3C9EC96A09C14D5327C791C1DA38FCB48E649998926279D16DB88300C81F5946DF4EF24606DDC2CBC70C8F903402493A00B9F3C728BA67571E45356855051B9F2358C697BDC74039ADF60D84B70F8B3C96350F1EA23EE8E81378160C30E80492806A1E35FF0028E8AE15BC3878FE4FB28E7CFCBF18F4373FF01F6FC2571AF1E4C4CC0306A3D3CC74AF93E41A07FA976778CCDB15C1FC7BA8CD8DE19003EE5339DF577FB2B28A8FA386BC90EEFD568306E31C67098C470D6BDD18DA390676FE6B3D37BE5361C53E13707688E7053F0CEB585F8A4C366623456FF3C07FD27FBAD9617C4D84E2B61495AC73CFFCB71CAFFA1FD979E1B2774F4750E61041D77DF65721BB25F2F2549E9C5F5E0F4D35FC86A82E1D83F1EE3185B447E78A8880B064FEAB7C0EE82B4B6B1B56CAAF53227E0A674974CB9C88BBAA45F5DD731C8E9A4805DA26C9703B0211928B729B639214DD55CF0D4E69B8830F981B165446EFA382A60A5D0CBE555C6FBEAD7077D0A41C8F6B021C0387308D47A0944D414F20370E8DAE07E22E933996A2F0C0F318D9F28E5D9BDFBF251A1E66B8B7C41C33862F4F6F6AAEB7F018EB067F31E5F0DD60F08F14E8198989EB3066C6493EA865F4B7B8690ACFC47F0E9F5303B16C1DAE7CEC6FDB4237781F7BB9EAB8859EC9487020B7753471C24BC8C792516D267AC307E26C271D60F61AB63E422FE513675BE1CFE4ADD704F0AB8667C6AA66C467CEDA5A73963735C5B793B1EC17648A5AEC34F97545F574C2D69DADF5B7F980DFE21327149D21D16DAF25BAF3578D1586A78E2565F48606307CEEEFDD7A47CF63A0F398E6B9A45DA41D0AF28788B5267E34C54B9D98B27315FAE501BFB26A0662266DC923751F5D87D54879B94822E8104347CD2C044344637BA012142E1042DA20940925C92E724DF5492754E6C6A157BA31D53774A69D120A38971BACE09B06E94C3EA0803D7FC0F58712E09C2672ED5D4CD6BADD40B7ECB441A1A0068000D805CEBC16ADF69E066C05D7304CE6FCAF75D193078D54CF152D2CB513B83628985EF71E4D02E5794F162C6CB25408C361A999C6163FDE6B2E485E88F10AB1947C1B58643E994B622073B9D47CC05E67C56A1F5356E7B89361A0E9D958C2BC364591F9A3BEF8438B4359C21EC114022968A52C790EBF999BD59FF51F25D12CBCC9C1DC45270AD752624C71746F79654443EFC7FDF98EE17A5696AA1ADA48AAA9E412432B03D8F6EC41D8A8F2C78B1F076862B238A0A792617635A43DC01D34235B755E3BC7AA9D598A5554B9C5CE9A67C849E77712BD71C595828384B16AA27F874B211F1B587E6578EEB4FDA11D131742B20BB7D5248B23288A040B9EA8DA93D529A5002EC4E88200E882003BA2BA17BA49DF44A2060A534EA9094D3AA051DB688DA7D4881D0A483EA40877DF01710698F11A02E17BB6468FCBF65DA97973C23C49D43C690343AC25696917DD7A8D358F5D1CFBC5E932F0B53B2F6CD543F26B979FE78DD25406B45CB8D82EEDE3138FF8561ADE46679B7FE3FEEB8C3D829699D33DB77CA0B63EDDD5BC3F120C8FC906A240D736169F4C6DB0BF5E7F9AECDE0B711BEAA92AB039DE4F903CE82E766936737EB63F32B86924CB9BA95A9E04C68F0F71261F5AF75A392711C9FF006CFA4FEB7F925C91B889174CED3E2DD5BA93802B435D6F3DF1C4475BBAE7F45E58AA3790AF44F8EB5C22E1CC3A901D66A9327C9AD3FF00B05E739DD99E5555D13BEC60A4BB40528E89B79D6C904091829374A0801C07441103A208005D25191E9BA4F54006943429211A0121F1B226A26A56C5005DF0BD79C3B88A86AAF60C99B7F85ECBD8B4930A8A48A51B3DA0AF10C4487820EA0AF6370648F978470D7C8E2E7185B727E0862A32DE2DC425A0C2EFA0133EE7B65FF65C3F159FDA1F71A35BA34740BB7F8C048C1F0FB1B7DB3BFA5709AB37DD59C3F121C9F221C5199EA638C5C6676A7A0E6862152C3565B11B44CF4B2DD0734FD3FA692A9E34700003D2EAA67712F079A95F4311B4F1038B4711D2F0F90F0E74187344C07294921DFD23EAB9E3DD729D909D5307754A5E1D16179F20B84C3CEA9E3CD47BA40600754B1BA6C25B77480380E8824F2F9041281FFFD9, 3, 2),
	('130206', 'ok', '1996-01-13', b'1', '吴家奇', _binary 0xFFD8FFE000104A46494600010100000100010000FFDB004300080606070605080707070909080A0C140D0C0B0B0C1912130F141D1A1F1E1D1A1C1C20242E2720222C231C1C2837292C30313434341F27393D38323C2E333432FFDB0043010909090C0B0C180D0D1832211C213232323232323232323232323232323232323232323232323232323232323232323232323232323232323232323232323232FFC000110800DC009D03012200021101031101FFC4001B00000105010100000000000000000000000200010304050607FFC4003A10000103020404030409030501000000000100020304110512213106134151226171328191A10714425272B1C1D1E1152343243334538262FFC4001B01000105010100000000000000000000000100020305060407FFC4003011000202010303020502060300000000000001020311040521123141135114223271A1066115234291B1F081D1E1FFDA000C03010002110311003F004926BA456D4F2E124524C904709D0A7BA400924822090014AC88D90A4212629D314023592EA927B241053848849210E924924012492490814924DB2211D249244424E132705010495D413D5434F197CB2358D1DCAE6718E2BA7860CD4B335CE074B754C9D91AD664C9E8D2DB7BC411D6DD35D79ACDC775AF7031B5AC09A1E3AAC668F635C01BFAAE5FE21467192C3F81EAB19C23D28B804D9979F53F1CBB9C1D3C4728BE816BD271A50CF61235D1F995243574CBB488ACDAB535FF004E4EAAE9EEA18A56CB1B5EDD9C2E11DD7495CD35C30EE9AE86E9C202C0496A904E90D18274C95D210174D74AE9AE9E3F015D2BA6BA6BA02C0775938D6390E134E5CE2D749D1971752E2B89478751BE791C058680F52BC9F11AF96BAA9D34A6E495C5ACD5AA2385DD96DB66DBF132EB9FD2BF258C5B1DACC52526595D93A306C02C92E2754E535AE5676CB2537993C9B1AEA8571E982C21F52354C510D06C99DE4A3C92081B241C42106C93AE4DD2C8706DE19C478861CF6B44CE7C77B9638DD77D82F10C58AB35CAC907D9BEABC9815770FC427A0A86CB0485A46FE6BBF4BAE9D6D293CA2AB5DB6557C5B8AC48F67CD74F7587836371E230B417379A07885D6B875D682335359463ADA65549C64B9270E4598284393E64E217124252420A7BA4023BA44A14AE9E3F03DD22535D312887079EF1B624E9F11146C7DE3885C81DD729A92ADE2750EA8C52A6576EE90FE6A00C2012B27A9B1D96CA46FF00494AA698C17B11DAE130162A76444824E80226479A41F15CC7490E5D75441A2D7247A295F19DAC82CEFB2DB9EE8088CB6C50E52A630CADB12C3AA210BCE858EBFA21941C32A907B2606CAC18C876522C544E658A22363876B8D26231DEC5AE363DFDCBD3629733411D578D46F747235CD36734DC15EAF854FF0058C3E095D7CCF6026FDD5DED96E62E0FC19BDEE849C6C5E78350146140C76AAC33556C6724B010449C352B2445921250DD11D9010A524439286F720244A13A1BA43923C86A599B10981D7FBAEBFC55A6D302EB923290A5C4E94C38D56307FDAE23DE6EADE1787BEB0B626024DF5F20B1D6FC92967DCF42A7F9918F4F94474945F590F04136BB895A98770BD4563808E33B5F55D9615C3315344038021C45EEBB0C3A8E2A7B1646B8257B7C22D6BD1C52CC8E1B0FFA3A275A9177761B2D987E8E289AF63CB3D9D6C46EBB863DA2C2D6F50A6CFD74513937E49FD38AEC8E4E3E09C3E2767FABB1D2747385ECB2EBF812190939C46DBDECC1A95DDBE620E82EA955485CDD58546E58258C13EE8F26C4B82DD0B5CE885DD7B5CF50B88C430E96925731ED22DDD7BBD43C1245B5F35E7BC61461D5199AD1A852516C9CB0C8357A78A875451E6EE69695EA18502CC2E941DF94DFC979CCD11CF957A6423242C67DD681F25A3DAD7327F631DBD3F9611FB972372B91BAEB3E33AAB919B05748CBD88B80E89B2F72998744574F39BB102028CA12A524401DD313A27721447A38BC769DADC6E5791EDB5AE1E7A2EB385B03343422AA737925F106F61D161F14533C3E0A96B6E08C8EB7C42EB5B59473614C632BA160C81AE3CC02DA7AAC8EE75B56B4BB367A06CB64654C5BEE909FC43047542261058D3673F7D56C61BC5B8567C9354E4EEE2D397E2A1C36970AA5A701D4FCF669A47099337C95B9F12E1386414D3D1494F2DAC5A69729B7A055EAB496705ACAD9670E48E960A8A4AB8C4904B1C8D3B16BAE14DC96FB972B4D1E0D453364A6A834F9CE60D998E881F4CC005D553B8CD4E1EDF136DB8D428E493258C9E08A67D3D330C92BDAC68EAE365CD62BC5B84C1E064866775310B81EFD95EC445055CD96A252FB1F62205E7E02EB36AF1AC0300A8652C984CCC9880E0258DA0EBB1DCDB63BF645472BB0D95987DF073B2710F32732B18EE4F56BD841B7AA9EA2869F1BA50E63C6A2EC705D1D7564550D3CDA18E1034B0998E20F9B74B2E6CE2386E13552D339D240E2048186324383B62D2374C951252C28BC8F85F070CCE49C5FFBDCF36A8C3CC58C8A6235E6861F8AECEDAAC76C0EC538AA5A8801E4B24CE34D49B682CB71CC2C716B81046E0AD36D91E983CF7311BD4B36271FA579F1FDC66156A33B2AC029A23A80AD11433E5175874525D42D28EE9C8E4681213146501538511B8216FB42FA846505AC5264B17834715C29D3F0A57367773A58D9CC6B8B4786CEBE9EE5C962DC3B554CC85F1323929B300260D0D7C67A079D88ECE5DE1BD7E111D383979D1B838F72D1B7C958A002485AD2D04386A0EA161D4A74F557F74CF549D55EA7A2EF749AFF00253FE9354EADA864D297402512C23A58EA0FE4AE5670F53D76234F884E0BA5840195AE2D6BC0DB301BAD987088DF0864334F4FDB92FB0F81047C948DC0AA0EF8AD565FC3183F1C898E52C6131DE9C38525D8AD5924FF00D3E52FC8616DDE43BD81EA3B2C6E1EE1CC38E1523EA29E56BEA247CB944F234373766B5C00F82E8E6C1A9581A6A1F2D496EA39F217007C86C3E08229067734374E8028A6DA24AE117E0E7F00A01061F2E151DE3FAB1747941F1652490EF3DF7F252621C3D4D895652D456343E5A601AC372010360E00EAB61B45495753FDF818E78F65C459C3D08D42B3270ED39B16D45630766D4BEDF32536326D3E4328C53C359398C67059715735CE95D9F358BDADB69D963E21C3E6A319A314B3165353D208A5945EF704F85A7624DCEBD177CDC068636E67B5F338759A5749F226CA8D6421A7C22C06C022AC9C1E53E40E985ABA64B839DC1B08A68A3C51B1B432EF6DAC7C56C83AFC5623E27471C2D7B9CE7866A5C6E48B9B7CACB7435D1E221D09BCB2481A5A3B002E7D3558F58E0EAA90B7D90E21BE8340AC7688B96AA53F65FE7053FEA59C6AD042A5FD52E3FE32560D44CDD35D13775A7302CB2D3A23BA881D11272206898A8DC8CEC814C3502420214850A2391A984B84B13E99EE22CEE636DB8EE42D0C3C885EF8736611B8B4388B5D73AC7398F0F638B5C36216A61950E92A252FB66241F97F0B37BA689C252BE3D9F7FB9B9D83758DB08E927F547B7EEBFF000EC2967B5AC568365242C28DE43410B4209EE35548A5834D28E40C45E5E0373863752E7136B0096115B85D544F75354C5501A729746F06C504FCB949CC4DFB8470D34263D458FDE6800D92EEF22C62382B54E2386CB8BBA8E0AA8DB5AC19F9209BD96BC33992204EEA8CD0C6C71CB70C3B81D7D4A264A182C3651670C7359489E7972B562D6CDBABB532E60563573F2C4E71EC9B9CB1C9616595A4920A4C31F50DD257DEEEEA49E8172CF2A5A8A87CC4171D06CD1B0558BAEB5BA0D1FC341F5777DCF3BDE3725AEB5747D31E17FD8F7D51374284220AC522A192B5CA507450B54A364E22913942511D10A98890C509088942521C8415AA09397542FB116555135C5AE046E173EA6AF5AA943DCEBD06A3E1B530B7D9FE3CFE0EC2278C82C5598A4CAD75CD8597394B5DA017FE16CD3CDCD62C2D89C5B4FB9EAB06A71528BE194A7E21A4A77B9A03DEF06D60D23E764F17119959FED49E82322DEF56A6A48E67E72CB946D0F6461AD6800776DD04D1D70F492E572547F11D89063793D8B0857683116D7661C97C76DB30D0A4E879C3C4D1EE0A78616C42C0582649A059E9E3E540541B0DD60637519295C01D4E8B62B650D1A95C76295466A8C83D96FE6BAB6FA3D6D445785CB2A776D52D368E52F2F85F77FEE4A40DF7424A43742775B33CD520815234A88291A8A032566EA60A162986C9C88644C50593A62A52243256BA5D52BD9108AC99549F12A681FCB74977DAE5ADD6C3CFB28690E238AFFA88CB69680FB0ECB79241DF5D005CDA8D5D542CD8CB2D26D7A9D53F92385EEF846D32279803D9ED027DEB470CACBBF23B470DC14A869C0A56B4DCFAA0A8A025DCC612D78D8858AD45AACB652F76CF4AD2D4E9A215BEE925FD91D146F160559CD1B9BB2E562ADAC85B94C624F43628CE333C63C54B303F8541D89F93A6B31ADD3750555532080971B2C06E355126D4EE1EA916CF58FCD39B8FBA3651B63D26FB812CD255B8BB68C6DE6B9FADFF009527AAEA9D1658C80345C962F0D6C6E7CD490B27009CD1176571F43B7B8AB2DAB535D36B763C26B0536FDA3BB55A78C695969E7F0C8923BACDA3C6A9AAA53038490543747452B6C415A2775AB84E33598BCA3076D16532E9B1618F7D1134EA82E9DA53C87058615303A2AEC37530D93D10C904EA981BBCD18FFD055DF8A5247FE5CC7FF904AE58DC1B683D548D8DC7ED9F728FE21F846A6BFD3B52FAA4D9B13639A7F6613EAF2B3EA715A995B95CF0D69E8C1D3D55770733A03E6520049A3ACA376C9F92C29DAF4B4F318F3FBF24310D64E85CE24FE8BD230A8E3A8C1691D1FB3CA6B6C3A5B42BCE83723AE4E8343FA2EBB8471364137D4667011486EC2760EFE555EE34BB2A528F7896944BA2587E4EBE9A2CA00B2B269C39BB6AA66C16D94CC65C2CDB3BFA8C77D396DC80A3FAC973794E88E6EF65B3247E4A3E4C6352D2107D8746467B294117B2B31D3586DA2B2D6E6203468A62CCADB28B03DC8CBA86E569B054A0A41217661B95AF2C39814F0D3866BD10C07AB8389E2EE1DA7344CAF0C0DA8864696BC6848BEA0F92E562A99A19B2E6CED209CA75DBB2EC38CF1564B968217021A6EF23BF65C55F2DDC37D82D2ED509D74F53F3D8AAD6555DEFA64B26AB2A637F5B15283AAC705E7ED7C75523659187561FFCBBF75711B5F9286ED8EB9735CB1F93698E5383A2C66D6169D5D6F278B2B8CAC05BE269BF96AA58DB1653EA366D4D7CC5752FD8C40D0EDD1C60B458F4480CAF5201750236D81CD9DA21E501AA20C4E01441823E493AF5471DD80760743D94A35B272DEADB03E7D526818C9DBF0DF15C6E6368F1076570D1929EBE45762D6836734820EB70BC5C0B900785DF74FE87AAD6C3389312C20E48E4E6443FC526A3F8551AADB14DF555C3F62585AE3C48F56110727E437B2E428FE90A91CD02AA8E58DDDE37070F9AD3671C60845CCB337C8C4555CB457C5E1C5937AB1F7377921BA80A231DD6349C71833412D7CCFB7411DBF32B2AAFE90206DC5250BDCEE8657003E01356835127C445EB41793AC7B1A1B736D1721C41C4D1C2C7D350BC3E43A3A41B37D173B89712E278982C925E5C47FC71683F72B20DF63BF6565A6DA945F55BCFEC473BDBE220CA4C85CE7126E6E4F72A1C84EA458F6ECACB4585CF4D90386AADF04496006B1168886C81DE5B22218E882C06DA7A1B22D6F64595206007019823DB6426CE00A900B8164E1C38D45D216BA7E9AA402201755234682E800F123EA93121DC416D8805A7A148024781DA7DD7F887EE989B6E9C380DF648446F6DB57447D6377E85460B1C77941FC0AC175F4E898582683045E116B17927A6428DA2FF0061D7F3B0444A4D4849210046E40FC3FBA736425C84B921C1DF4B28A407747B8426F6B2422361B84450B06A53BBB248030DEE8C2602C121EA904861767610AC33654698F8C8577B2708322E90097446DEA9086035BA4886E47922005926000842EBD911EA85DB21908C0A57BA649BBA000AC52F7A74C5208C45D2B221B04400484069B21B82513B74C121021BAEC84B6EF3E4A4084754840937D931BDF74CDD8FAA2417609FFFD9, 3, 2),
	('130207', 'ok', '1996-01-14', b'1', '王伟力', _binary 0xFFD8FFE000104A46494600010100000100010000FFDB004300080606070605080707070909080A0C140D0C0B0B0C1912130F141D1A1F1E1D1A1C1C20242E2720222C231C1C2837292C30313434341F27393D38323C2E333432FFDB0043010909090C0B0C180D0D1832211C213232323232323232323232323232323232323232323232323232323232323232323232323232323232323232323232323232FFC000110800DC009C03012200021101031101FFC4001C0000010501010100000000000000000000000102030405070608FFC400361000010302050106040505000300000000010002030411051221314106071322516171328191A114233342B1436272C1D12452A2FFC4001B01010002030101000000000000000000000001030204060507FFC40030110002010303010702050500000000000000010203041112213141050614225161B18191133242D1F024336271A1FFDA000C03010002110311003F00E7C84217867D50108420042108010842004210801084200421080108420042108010842004210801084200421080109CD6170B8D86E4A864AA8A1DACF70DFD1670A529F08D4BABEA16B1D5565F4EBF625009D814653A69BEDEAB35D59248EFD5B5D344B2DC124DC7D8ADA567EACE7A7DE98FE8A7F766B774FB5EC9962382B362AE79932B9D7074B9D35521C54B252C273B1ADB8BEBBF1F54767E8C9A5DE88B78A94F0BD997909CC7433C6D73240D7B85CB781AA4734B4D8AD59D3941F991D1DB5DD1B98EAA52C888421606C0210840084210021084008421002502E6C9145535069E1F09B39FA5FD1674E0E7251356F6EA36B425565D3E465756B1B0986279363AF1AAC8FC5E571CCDE75BEE9CD864ADA91147E27136D17B7C23B3D13C61D52F373C05E9394294707CEAB54AB7955D4972CF09265BF7B0970E0B52F7D2303410741A1F45D7E2ECCF0C91BA978245B42A67766743E1687BB28E3955F8A811E0AA1C51F9CBF33411CD94795CC3A82BBE41D9CE0B09CCE89EF77913A286B7A170B73486D386DF90A3C5C0CBC15448E1EDAC91A40BFA0F40B6E82BDB5A3BA75BBC68D0F9FA2DDEA5E8665333BCA5B82370BC2C425A3AD00DDAE69D6DCAB331AD1C165A5C54B2ACA4BEBEE8F4C84A4E601C45B3006C91796D61E0FA4424A71525D41084219021084008421002108400B2F1371FC43434EC06DC2D4546484C988816BDED65B369F9D9CFF791FF004897F92F867A2E8CC1DF3CDDFBDA0DB51A2EB5434C0301B70BCDF4D50FE128232F167385CADB8B1DA681C5A439C07EE1B5D61566EA4F639CA1054A1B9E869E36903C2AD08C70150A1C6A86AC3581CE63CE803DB6BAD6C8D36D561F86CD9534F821C802AB3C2D71F0B6DF25354D553D21B4AE24EF60164CFD430BA42C82373ADAD9DA5D64A9B68875228A189E1EC998E0E1C1D9716EB5C35B4B5BDE4676363A6ABBCC755056B5C5875E5A742172EED170BC91F7E3E13BAB2DDB8CF06B5D41386A4790A171751444904DB83756155C3C5A899A7255A5556FEE33B8ECE6DDA536FD102108559B8084210021084008421002970F8BBEC72958468E2144B6B02A012D5D15635C498AA32BDBE8468ACA52D2CF27B6A97E25AFFA6BE4E8F1513E5A76C6D366DB5F64F69C3281A44CE635AC1A972D2A28C3E9EC0D891C2487A7E363E77640F13B72CAD9350E1E4B187273134DF0454470CAC1DE523D86DAE8B7E8CE78AD9AF6D167D0E114F454AC8A28A38618097B446393BDCF3753D0931C72127E2564B67B08A78DF92BD73A089C5F29CC565438FE152B88827617B3570038F5D3D42DAFC30A86EE7BC61CC2DFCA8A1C06002A5D1C30C6FA9D677C6D0D2FF7D14C375B8945E762265341391550D813CB795E47B43A707A7E57DBE120AF7B4F410D0C02389A2C05B45E63AAA9457E1D251904F7AE6B7FFA0A22F124C99C7541C4E334CDC94D18FED52ABD8CC71438BD4C5035AD8E37E401BB69A2A2AA93CB6CEDADE2A146115D12F804210A0B8108420042108010842005E8BA4A4BD5D442E3A160900FEE047FD5E756BF4D1B63908CE1A0870D79D36435EEE3AA8497B1D830B3F96095B4C6E668B6975E730D909840BEA17A0A79740167138F64388BC414D92E4C8ED9A3C9328C39D4F9883A8BA8B11A57BE432C7296C845AFBD879592442B29A18C0CAF6BDC1B703517FF004A719642D8929E50DA8F11736FA5F85A2D04F26DEEA9B289ED972CF50648EF7CB940FB857EDDDB3283A70B251C721CB3C114A4318579DAE7B59571BDD6CAD25C6FB5802B72A1C5C0F165E471EAF828E9A79AA1C00C8E6B41DC9B58008CB2941CA6A2BA9C96790CB3C9238DDCF71713EE546842A4ED41084200421080108420042108012B5CE63C39A48703704244203AEF4C57B6B6862941F111AFBF2BD4C2FD6FE5AAE3DD238B3A8EB4D3B9DE07EADF75D3E92B04B637DC68A53391BDA0E85671E9D09B10C424A30666D2C93DF4D2DA1F5F455E0C5AADF6749485A2FF00B5F75A6D1DE1B385D4E29D966E56347B056A6BD0D48B4B93322C72A2491D0C986C86C3C2E046BF2BAD585CE7C7ADC5B83C27185AD69CAD03FDA8FBC314649B6BC296F243C67612A1C1B1924DB45C87AEEBC4F88C74AC37110CCEF72BA0E3B8B1A6A19E4634BCC6C2ECA39B05C5AA6A24AAA992794DDEF75C955CD9ECF6450D551D57D3E4890842C0E8410842004210801084200421080108D941255C4C06C7311C059461293C24535EE29508EAAB2491E93A2E85B8A757D1D09241732578B79B5848FBD97B98BBDA6798CDDB63B7915E17B2FAACBDA1D0C8F3ABDB231BEE5A6DFC2EC9D43D353B259312A16BA586439E5840BBA33C968E47A6E3F8D8A96EE3158E4E2AE3B47C55772E170BF9EE50A0C49A7C129B11B15B22BE30C0439ABC9C6D64D61A03C1528A09C9BB6736F25426BD484DFA1E99F8847DD9371B79AC5AAC41EF79118D3CD46CA0781E29495B3846012D7BC48418E9C6F211A9FF001FFAAD8AD4F0B73194F4ACBD8AF82E0F2564757532B6ED10491807F739CD22DF75F3E533DD93BA90112305883BAFABF159E9B01C02A276B4320A585D25BCEC2FF5257C89513C9F8B74FF00BCB8B8FB9D4ADC76FAA9E9EA5767DA4ED6E554FD2F66BD8D342AB15746FD1C0B4AB2D7070BB4823D179D3A7287E647736F7942E1669493F9FB0A8421606C8210840085524C42167C3779F454A5AE9A5360728F20AF85B549F4C1E4DD76D5A505B4B53F45FBF06ABE58E3177BC05525C49A3489B73E6566D8BB53CA7580175B90B382DE5B9CF5D778EE2A6D4928FF00D7FCFA123E79A736738D8EC06C95CCCAC002589A2D9BE412BF7B2DA5049611CFD5AD52A4B54DE5FB9A9D395C70AC7682B81FD09D8F3ED7D7EC4AFAE689E1F4EC20DC10083E8BE3263AD20BAFAB3A0F1518B747E19559AEF1088A4FF26784FF0017F9AC66B0D32693CA68BB8BF4B52620E754400415475CC0785E7FB87FB1AFBAF30FC3AAA90E49A9E70FBDBC2C2F07CAC46EB53B40EB887A430A8C4658EC42AAEDA763B50DB6EF3E82E3DCAE0555D498C3CCB31C52B6F338B9E4543C66279D0AAA7691A9BAD8B55EBA3E5E4FA2309E9C272D4621AF2D8381FE5E7ECBD2801A00000034002E63D9275C5663F472E158A17C9534A077554EDE66F93BCDC3CF91EABA7ACE14E34D61112AAEA7999CB7B6AC77F0380D3E171BBF32B64CCF00FF004DBAFDDD6FA2F9E65B971246FEABDEF6A18E0C6FADAB1D1BF3414BFF008D16BA59BB9F9BAEBC348DF25725B1AD37964162DB380D94EC91CC376921436704AC3B83C2349ECC98CE517AA2F0CBB1D61D9E2FEA15964AC93E170BF92CBE7E4941B15AB52CE12DE3B1EF5A7786E68F96A79D7BF3F7FDCD642A31D539BA3BC4158153191B91F25A33B6A907C64EA2DBB66D2BC73AB4BF47B187624A786DCA56B6E548D1AAF6307CE3225AC908D8279DD35DA6BC0403046E0EBB09079F252FEED539BE890EE8431A4EB75DCFB10C5CC98762185B9DFA6E6CECF40ED1DF70170C70F0DD7BDEC8F10652758C7048E219550C901B1B5CDB30FAE523E6A24B28CE9BC48E878EF49C9D6F8E55C95CF7454B6EEA99E376D86847CF53E772B9774AE091621D63478262AF1DCC758F867B3EC1E5B7F083EA45BE6BE86C42BE970FA693109DED868E9623238F01A02F9968AA5F1CEDAB8896CA263334EC43B35C28A5D48B8C470CFA4E87A6F0EC1AA1B5187D1C70E43A060F87D95BEB2EA06F4F748D6E24D701208F2C1EAF768DFF00BF252F4FE29163387C1574F7304D1365B9F51A8FADD728EDB31E6C953458140FF0C05D34CD1FFB1D1A3E975096E5D269476392CAF73DE5CE24926E4A8AD709C494C2ED55A6B11C9192E17272F20250D6B468344FCC98459F61E5A8F24016D422DAA720A8036C9DF34A0208D5304E4AECF86E9C0A8622436C770A668D1009CFCD16D528081BA0C837425BF44EDD31C391B84F06E2E100845C2B782D7BB0BC5A96B5848753CAD945BC81B9FB5D554C1A3D02675CED83A9E3186D06074935FBFB544E01FE98F801F73AFC82E69192CA3046F9565D4CF51598817D44AE91FE160738EB94001A3E4000B59E3F2328DED60A60B0615A5A99DD3B16C71951D192D2CAF19A81CE07CC33570FE4FD1716EA7C5DD8E75257E224DC4D312CFF0011A0563A47A90E0343D490B24B3EAE83B88C5F7797817F902EFA2C2B70B14B72D72CC520E121008D53B84C240D5646037617DC9D916B7BA51AF88EFF00C239402A2C952E8420102AB2D5F772B9996F6565E4345CAAD1333461CE1A9D5192467C33B870402AC01A2AF5171330F04595968D028000689027DB44D4204483C2FF00429C344101C2C80726386B74E69B8F50878F0A023B0FC4B1DE63F85A4F7DA02E1E5BACD70BC6C37232BB53E8AD5449DDD2171D328FA2CA25735B9428DB9A79243B3740AF5AEABD2B3BBA668E4EA558BE8A0B04BA60F11BF1C247788E5E06FF00F138201423940420151C2384D2501055BECC2D1B9D14CC166016E15498E7A8633D6E55C034084956ABE069F27053B3E10A09CFE4BBD94B11BB0282095C9B6D12EE90EC8069D92B505234A015DE170771B14F210426836F0A01B6BB5ECF31A24AA93BE8A0887EFB177B278F8AEAB41E3AA78E237101324632F25BDAC10F75B407C476F4F548F70602E3B26C609199DF11FB2924734002C128E50481A929B9DBE6807DD26E5373DC68094343CF90F740124A19617D5465E0EB750CE581FA9BB93735C9B6800504845E3AC71F2165781D150A770BB9DCB8957458852832ABCB8B0B4B4EA0EA9F4C6F0B7D945722073C13980DD2D192616DFC963D4742D8DD2A6F294A92043A2683629CED9306E809B84D703B8DC273356A1011B9E033328E91B958E71FDC4929B3EC47A84EDA945B9B051D4911C4CB301FB42B01430F2A652401E0FAA536B263F6F9848D17DEFF005404848514D21C8434F1BA7D803A055E7F84FB2029823BD277F552E6B30DBDD5666EA527F2CFB283368299CE245968001A2C775428BF56DE8AE3CF8CA9462F93FFD9, 0, 2);
/*!40000 ALTER TABLE `student` ENABLE KEYS */;

-- 导出  表 student.users 结构
CREATE TABLE IF NOT EXISTS `users` (
  `username` varchar(20) NOT NULL,
  `password` varchar(20) DEFAULT NULL,
  PRIMARY KEY (`username`)
) ENGINE=InnoDB DEFAULT CHARSET=utf8;

-- 正在导出表  student.users 的数据：~2 rows (大约)
DELETE FROM `users`;
/*!40000 ALTER TABLE `users` DISABLE KEYS */;
INSERT INTO `users` (`username`, `password`) VALUES
	('aaronfae', '123'),
	('af', '123');
/*!40000 ALTER TABLE `users` ENABLE KEYS */;

/*!40101 SET SQL_MODE=IFNULL(@OLD_SQL_MODE, '') */;
/*!40014 SET FOREIGN_KEY_CHECKS=IF(@OLD_FOREIGN_KEY_CHECKS IS NULL, 1, @OLD_FOREIGN_KEY_CHECKS) */;
/*!40101 SET CHARACTER_SET_CLIENT=@OLD_CHARACTER_SET_CLIENT */;
